player,position,age,market_value,club,nationality,player_url,mv_millions,season
Marc-André ter Stegen,Goalkeeper,26,€60.00m,FC Barcelona,['Germany'],https://www.transfermarkt.com/marc-andre-ter-stegen/profil/spieler/74857,60.0,2017/18
Jasper Cillessen,Goalkeeper,29,€9.00m,FC Barcelona,['Netherlands'],https://www.transfermarkt.com/jasper-cillessen/profil/spieler/146227,9.0,2017/18
Adrián Ortolá,Goalkeeper,24,€1.50m,FC Barcelona,['Spain'],https://www.transfermarkt.com/adrian-ortola/profil/spieler/142033,1.5,2017/18
Samuel Umtiti,Centre-Back,24,€60.00m,FC Barcelona,"['France', 'Cameroon']",https://www.transfermarkt.com/samuel-umtiti/profil/spieler/126540,60.0,2017/18
Gerard Piqué,Centre-Back,31,€50.00m,FC Barcelona,['Spain'],https://www.transfermarkt.com/gerard-pique/profil/spieler/18944,50.0,2017/18
Yerry Mina,Centre-Back,23,€9.00m,FC Barcelona,['Colombia'],https://www.transfermarkt.com/yerry-mina/profil/spieler/289446,9.0,2017/18
Thomas Vermaelen,Centre-Back,32,€5.00m,FC Barcelona,['Belgium'],https://www.transfermarkt.com/thomas-vermaelen/profil/spieler/15904,5.0,2017/18
David Costas,Centre-Back,23,€3.50m,FC Barcelona,['Spain'],https://www.transfermarkt.com/david-costas/profil/spieler/276111,3.5,2017/18
Jordi Alba,Left-Back,29,€60.00m,FC Barcelona,['Spain'],https://www.transfermarkt.com/jordi-alba/profil/spieler/69751,60.0,2017/18
Lucas Digne,Left-Back,24,€15.00m,FC Barcelona,['France'],https://www.transfermarkt.com/lucas-digne/profil/spieler/126664,15.0,2017/18
Marc Cucurella,Left-Back,19,€5.00m,FC Barcelona,['Spain'],https://www.transfermarkt.com/marc-cucurella/profil/spieler/284857,5.0,2017/18
Nélson Semedo,Right-Back,24,€30.00m,FC Barcelona,"['Portugal', 'Cape Verde']",https://www.transfermarkt.com/nelson-semedo/profil/spieler/231572,30.0,2017/18
Sergio Busquets,Defensive Midfield,29,€80.00m,FC Barcelona,['Spain'],https://www.transfermarkt.com/sergio-busquets/profil/spieler/65230,80.0,2017/18
Javier Mascherano,Defensive Midfield,34,€5.00m,FC Barcelona,"['Argentina', 'Italy']",https://www.transfermarkt.com/javier-mascherano/profil/spieler/19981,5.0,2017/18
Uri Busquets,Defensive Midfield,19,€2.50m,FC Barcelona,['Spain'],https://www.transfermarkt.com/uri-busquets/profil/spieler/282721,2.5,2017/18
Sergi Roberto,Central Midfield,26,€55.00m,FC Barcelona,['Spain'],https://www.transfermarkt.com/sergi-roberto/profil/spieler/85370,55.0,2017/18
Ivan Rakitic,Central Midfield,30,€50.00m,FC Barcelona,"['Croatia', 'Switzerland']",https://www.transfermarkt.com/ivan-rakitic/profil/spieler/32467,50.0,2017/18
Paulinho,Central Midfield,29,€40.00m,FC Barcelona,['Brazil'],https://www.transfermarkt.com/paulinho/profil/spieler/57229,40.0,2017/18
André Gomes,Central Midfield,24,€15.00m,FC Barcelona,['Portugal'],https://www.transfermarkt.com/andre-gomes/profil/spieler/221025,15.0,2017/18
Andrés Iniesta,Central Midfield,34,€10.00m,FC Barcelona,['Spain'],https://www.transfermarkt.com/andres-iniesta/profil/spieler/7600,10.0,2017/18
Carles Aleñá,Central Midfield,20,€10.00m,FC Barcelona,['Spain'],https://www.transfermarkt.com/carles-alena/profil/spieler/284854,10.0,2017/18
Philippe Coutinho,Attacking Midfield,26,€100.00m,FC Barcelona,"['Brazil', 'Portugal']",https://www.transfermarkt.com/philippe-coutinho/profil/spieler/80444,100.0,2017/18
Rafinha,Attacking Midfield,25,€28.00m,FC Barcelona,"['Brazil', 'Spain']",https://www.transfermarkt.com/rafinha/profil/spieler/129473,28.0,2017/18
Denis Suárez,Attacking Midfield,24,€15.00m,FC Barcelona,['Spain'],https://www.transfermarkt.com/denis-suarez/profil/spieler/165007,15.0,2017/18
José Manuel Arnáiz,Left Winger,23,€5.00m,FC Barcelona,['Spain'],https://www.transfermarkt.com/jose-manuel-arnaiz/profil/spieler/364603,5.0,2017/18
Arda Turan,Left Winger,31,€4.00m,FC Barcelona,['Türkiye'],https://www.transfermarkt.com/arda-turan/profil/spieler/21369,4.0,2017/18
Lionel Messi,Right Winger,31,€180.00m,FC Barcelona,"['Argentina', 'Spain']",https://www.transfermarkt.com/lionel-messi/profil/spieler/28003,180.0,2017/18
Ousmane Dembélé,Right Winger,21,€80.00m,FC Barcelona,['France'],https://www.transfermarkt.com/ousmane-dembele/profil/spieler/288230,80.0,2017/18
Aleix Vidal,Right Winger,28,€7.50m,FC Barcelona,['Spain'],https://www.transfermarkt.com/aleix-vidal/profil/spieler/88490,7.5,2017/18
Luis Suárez,Centre-Forward,31,€70.00m,FC Barcelona,['Uruguay'],https://www.transfermarkt.com/luis-suarez/profil/spieler/44352,70.0,2017/18
Paco Alcácer,Centre-Forward,24,€15.00m,FC Barcelona,['Spain'],https://www.transfermarkt.com/paco-alcacer/profil/spieler/126716,15.0,2017/18
Gerard Deulofeu,Centre-Forward,24,€14.00m,FC Barcelona,['Spain'],https://www.transfermarkt.com/gerard-deulofeu/profil/spieler/129476,14.0,2017/18
Keylor Navas,Goalkeeper,31,€18.00m,Real Madrid,"['Costa Rica', 'Spain']",https://www.transfermarkt.com/keylor-navas/profil/spieler/79422,18.0,2017/18
Kiko Casilla,Goalkeeper,31,€6.00m,Real Madrid,['Spain'],https://www.transfermarkt.com/kiko-casilla/profil/spieler/27486,6.0,2017/18
Luca Zidane,Goalkeeper,20,€300k,Real Madrid,"['France', 'Spain']",https://www.transfermarkt.com/luca-zidane/profil/spieler/283489,0.3,2017/18
Moha Ramos,Goalkeeper,18,-,Real Madrid,"['Spain', 'Senegal']",https://www.transfermarkt.com/moha-ramos/profil/spieler/495602,0.0,2017/18
Raphaël Varane,Centre-Back,25,€70.00m,Real Madrid,"['France', 'Martinique']",https://www.transfermarkt.com/raphael-varane/profil/spieler/164770,70.0,2017/18
Sergio Ramos,Centre-Back,32,€45.00m,Real Madrid,['Spain'],https://www.transfermarkt.com/sergio-ramos/profil/spieler/25557,45.0,2017/18
Nacho Fernández,Centre-Back,28,€30.00m,Real Madrid,['Spain'],https://www.transfermarkt.com/nacho-fernandez/profil/spieler/58884,30.0,2017/18
Jesús Vallejo,Centre-Back,21,€12.00m,Real Madrid,['Spain'],https://www.transfermarkt.com/jesus-vallejo/profil/spieler/251896,12.0,2017/18
Manu Hernando,Centre-Back,19,€200k,Real Madrid,['Spain'],https://www.transfermarkt.com/manu-hernando/profil/spieler/396161,0.2,2017/18
Marcelo,Left-Back,30,€60.00m,Real Madrid,"['Brazil', 'Spain']",https://www.transfermarkt.com/marcelo/profil/spieler/44501,60.0,2017/18
Theo Hernández,Left-Back,20,€15.00m,Real Madrid,"['France', 'Spain']",https://www.transfermarkt.com/theo-hernandez/profil/spieler/339808,15.0,2017/18
Daniel Carvajal,Right-Back,26,€60.00m,Real Madrid,['Spain'],https://www.transfermarkt.com/daniel-carvajal/profil/spieler/138927,60.0,2017/18
Lucas Vázquez,Right-Back,26,€25.00m,Real Madrid,['Spain'],https://www.transfermarkt.com/lucas-vazquez/profil/spieler/221316,25.0,2017/18
Achraf Hakimi,Right-Back,19,€5.00m,Real Madrid,"['Morocco', 'Spain']",https://www.transfermarkt.com/achraf-hakimi/profil/spieler/398073,5.0,2017/18
Álvaro Tejero,Right-Back,21,€300k,Real Madrid,['Spain'],https://www.transfermarkt.com/alvaro-tejero/profil/spieler/290273,0.3,2017/18
Casemiro,Defensive Midfield,26,€60.00m,Real Madrid,"['Brazil', 'Spain']",https://www.transfermarkt.com/casemiro/profil/spieler/16306,60.0,2017/18
Toni Kroos,Central Midfield,28,€80.00m,Real Madrid,['Germany'],https://www.transfermarkt.com/toni-kroos/profil/spieler/31909,80.0,2017/18
Mateo Kovacic,Central Midfield,24,€30.00m,Real Madrid,['Croatia'],https://www.transfermarkt.com/mateo-kovacic/profil/spieler/51471,30.0,2017/18
Luka Modrić,Central Midfield,32,€25.00m,Real Madrid,['Croatia'],https://www.transfermarkt.com/luka-modric/profil/spieler/27992,25.0,2017/18
Dani Ceballos,Central Midfield,21,€12.00m,Real Madrid,['Spain'],https://www.transfermarkt.com/dani-ceballos/profil/spieler/319745,12.0,2017/18
Jaime Seoane,Central Midfield,21,€250k,Real Madrid,['Spain'],https://www.transfermarkt.com/jaime-seoane/profil/spieler/340867,0.25,2017/18
Marcos Llorente,Right Midfield,23,€12.00m,Real Madrid,['Spain'],https://www.transfermarkt.com/marcos-llorente/profil/spieler/282411,12.0,2017/18
Luismi Quezada,Left Midfield,22,€300k,Real Madrid,"['Dominican Republic', 'Spain']",https://www.transfermarkt.com/luismi-quezada/profil/spieler/282428,0.3,2017/18
Marco Asensio,Attacking Midfield,22,€75.00m,Real Madrid,"['Spain', 'Netherlands']",https://www.transfermarkt.com/marco-asensio/profil/spieler/296622,75.0,2017/18
Isco,Attacking Midfield,26,€75.00m,Real Madrid,['Spain'],https://www.transfermarkt.com/isco/profil/spieler/85288,75.0,2017/18
Óscar Rodríguez,Attacking Midfield,20,€800k,Real Madrid,['Spain'],https://www.transfermarkt.com/oscar-rodriguez/profil/spieler/284884,0.8,2017/18
Gareth Bale,Right Winger,28,€90.00m,Real Madrid,['Wales'],https://www.transfermarkt.com/gareth-bale/profil/spieler/39381,90.0,2017/18
Franchu,Right Winger,20,€200k,Real Madrid,"['Argentina', 'Spain']",https://www.transfermarkt.com/franchu/profil/spieler/458466,0.2,2017/18
Cristo,Second Striker,20,€500k,Real Madrid,['Spain'],https://www.transfermarkt.com/cristo/profil/spieler/339707,0.5,2017/18
Cristiano Ronaldo,Centre-Forward,33,€100.00m,Real Madrid,['Portugal'],https://www.transfermarkt.com/cristiano-ronaldo/profil/spieler/8198,100.0,2017/18
Karim Benzema,Centre-Forward,30,€40.00m,Real Madrid,"['France', 'Algeria']",https://www.transfermarkt.com/karim-benzema/profil/spieler/18922,40.0,2017/18
Borja Mayoral,Centre-Forward,21,€7.50m,Real Madrid,['Spain'],https://www.transfermarkt.com/borja-mayoral/profil/spieler/298976,7.5,2017/18
Jan Oblak,Goalkeeper,25,€70.00m,Atlético de Madrid,['Slovenia'],https://www.transfermarkt.com/jan-oblak/profil/spieler/121483,70.0,2017/18
Miguel Ángel Moyá,Goalkeeper,34,€2.00m,Atlético de Madrid,['Spain'],https://www.transfermarkt.com/miguel-angel-moya/profil/spieler/26065,2.0,2017/18
Axel Werner,Goalkeeper,22,€1.00m,Atlético de Madrid,"['Argentina', 'Italy']",https://www.transfermarkt.com/axel-werner/profil/spieler/236734,1.0,2017/18
Miguel San Román,Goalkeeper,20,€250k,Atlético de Madrid,['Spain'],https://www.transfermarkt.com/miguel-san-roman/profil/spieler/396337,0.25,2017/18
Álex dos Santos,Goalkeeper,19,-,Atlético de Madrid,"['Brazil', 'Spain']",https://www.transfermarkt.com/alex-dos-santos/profil/spieler/396341,0.0,2017/18
José María Giménez,Centre-Back,23,€45.00m,Atlético de Madrid,"['Uruguay', 'Spain']",https://www.transfermarkt.com/jose-maria-gimenez/profil/spieler/250845,45.0,2017/18
Stefan Savic,Centre-Back,27,€40.00m,Atlético de Madrid,"['Montenegro', 'Serbia']",https://www.transfermarkt.com/stefan-savic/profil/spieler/107010,40.0,2017/18
Diego Godín,Centre-Back,32,€35.00m,Atlético de Madrid,"['Uruguay', 'Spain']",https://www.transfermarkt.com/diego-godin/profil/spieler/54928,35.0,2017/18
Antonio Montoro,Centre-Back,21,€300k,Atlético de Madrid,['Spain'],https://www.transfermarkt.com/antonio-montoro/profil/spieler/251880,0.3,2017/18
Lucas Hernández,Left-Back,22,€35.00m,Atlético de Madrid,"['France', 'Spain']",https://www.transfermarkt.com/lucas-hernandez/profil/spieler/281963,35.0,2017/18
Filipe Luís,Left-Back,32,€8.00m,Atlético de Madrid,"['Brazil', 'Poland']",https://www.transfermarkt.com/filipe-luis/profil/spieler/21725,8.0,2017/18
Sergi González,Left-Back,23,€300k,Atlético de Madrid,['Spain'],https://www.transfermarkt.com/sergi-gonzalez/profil/spieler/281979,0.3,2017/18
Sime Vrsaljko,Right-Back,26,€25.00m,Atlético de Madrid,['Croatia'],https://www.transfermarkt.com/sime-vrsaljko/profil/spieler/76061,25.0,2017/18
Juanfran Torres,Right-Back,33,€5.00m,Atlético de Madrid,['Spain'],https://www.transfermarkt.com/juanfran-torres/profil/spieler/16635,5.0,2017/18
Carlos Isaac,Right-Back,20,€200k,Atlético de Madrid,['Spain'],https://www.transfermarkt.com/carlos-isaac/profil/spieler/396324,0.2,2017/18
Thomas Partey,Defensive Midfield,25,€25.00m,Atlético de Madrid,['Ghana'],https://www.transfermarkt.com/thomas-partey/profil/spieler/230784,25.0,2017/18
Koke,Central Midfield,26,€70.00m,Atlético de Madrid,['Spain'],https://www.transfermarkt.com/koke/profil/spieler/74229,70.0,2017/18
Saúl Ñíguez,Central Midfield,23,€70.00m,Atlético de Madrid,['Spain'],https://www.transfermarkt.com/saul-niguez/profil/spieler/148928,70.0,2017/18
Gabi,Central Midfield,34,€3.00m,Atlético de Madrid,['Spain'],https://www.transfermarkt.com/gabi/profil/spieler/22969,3.0,2017/18
Augusto Fernández,Central Midfield,32,€2.50m,Atlético de Madrid,"['Argentina', 'Italy']",https://www.transfermarkt.com/augusto-fernandez/profil/spieler/39151,2.5,2017/18
Keidi Bare,Central Midfield,20,€500k,Atlético de Madrid,['Albania'],https://www.transfermarkt.com/keidi-bare/profil/spieler/295622,0.5,2017/18
Toni Moya,Central Midfield,20,€300k,Atlético de Madrid,['Spain'],https://www.transfermarkt.com/toni-moya/profil/spieler/295065,0.3,2017/18
Roberto Olabe,Central Midfield,22,€250k,Atlético de Madrid,['Spain'],https://www.transfermarkt.com/roberto-olabe/profil/spieler/242299,0.25,2017/18
Nico Gaitán,Attacking Midfield,30,€8.00m,Atlético de Madrid,['Argentina'],https://www.transfermarkt.com/nico-gaitan/profil/spieler/75442,8.0,2017/18
Juan Moreno,Attacking Midfield,21,€100k,Atlético de Madrid,['Spain'],https://www.transfermarkt.com/juan-moreno/profil/spieler/339814,0.1,2017/18
Yannick Carrasco,Left Winger,24,€25.00m,Atlético de Madrid,"['Belgium', 'Spain']",https://www.transfermarkt.com/yannick-carrasco/profil/spieler/140776,25.0,2017/18
Vitolo,Left Winger,28,€25.00m,Atlético de Madrid,['Spain'],https://www.transfermarkt.com/vitolo/profil/spieler/67082,25.0,2017/18
Ángel Correa,Right Winger,23,€24.00m,Atlético de Madrid,"['Argentina', 'Spain']",https://www.transfermarkt.com/angel-correa/profil/spieler/266807,24.0,2017/18
Arona Sané,Right Winger,23,€250k,Atlético de Madrid,['Senegal'],https://www.transfermarkt.com/arona-sane/profil/spieler/282006,0.25,2017/18
Juan Agüero,Right Winger,19,-,Atlético de Madrid,"['Argentina', 'Spain']",https://www.transfermarkt.com/juan-aguero/profil/spieler/341228,0.0,2017/18
Antoine Griezmann,Centre-Forward,27,€100.00m,Atlético de Madrid,['France'],https://www.transfermarkt.com/antoine-griezmann/profil/spieler/125781,100.0,2017/18
Diego Costa,Centre-Forward,29,€60.00m,Atlético de Madrid,"['Spain', 'Brazil']",https://www.transfermarkt.com/diego-costa/profil/spieler/44779,60.0,2017/18
Kévin Gameiro,Centre-Forward,31,€20.00m,Atlético de Madrid,['France'],https://www.transfermarkt.com/kevin-gameiro/profil/spieler/27389,20.0,2017/18
Luciano Vietto,Centre-Forward,24,€6.00m,Atlético de Madrid,"['Argentina', 'Italy']",https://www.transfermarkt.com/luciano-vietto/profil/spieler/214316,6.0,2017/18
Fernando Torres,Centre-Forward,34,€4.00m,Atlético de Madrid,['Spain'],https://www.transfermarkt.com/fernando-torres/profil/spieler/7767,4.0,2017/18
Alberto Ródenas,Centre-Forward,19,€200k,Atlético de Madrid,['Spain'],https://www.transfermarkt.com/alberto-rodenas/profil/spieler/461623,0.2,2017/18
Neto,Goalkeeper,28,€15.00m,Valencia CF,"['Brazil', 'Italy']",https://www.transfermarkt.com/neto/profil/spieler/111819,15.0,2017/18
Jaume Doménech,Goalkeeper,27,€2.50m,Valencia CF,['Spain'],https://www.transfermarkt.com/jaume-domenech/profil/spieler/227805,2.5,2017/18
Cristian Rivero,Goalkeeper,20,€250k,Valencia CF,['Spain'],https://www.transfermarkt.com/cristian-rivero/profil/spieler/398131,0.25,2017/18
Gabriel Paulista,Centre-Back,27,€20.00m,Valencia CF,"['Brazil', 'Spain']",https://www.transfermarkt.com/gabriel-paulista/profil/spieler/149498,20.0,2017/18
Jeison Murillo,Centre-Back,26,€15.00m,Valencia CF,"['Colombia', 'Spain']",https://www.transfermarkt.com/jeison-murillo/profil/spieler/131102,15.0,2017/18
Ezequiel Garay,Centre-Back,31,€12.00m,Valencia CF,"['Argentina', 'Spain']",https://www.transfermarkt.com/ezequiel-garay/profil/spieler/35939,12.0,2017/18
Rúben Vezo,Centre-Back,24,€6.00m,Valencia CF,"['Portugal', 'Cape Verde']",https://www.transfermarkt.com/ruben-vezo/profil/spieler/257851,6.0,2017/18
Javi Jiménez,Centre-Back,21,€300k,Valencia CF,['Spain'],https://www.transfermarkt.com/javi-jimenez/profil/spieler/251860,0.3,2017/18
José Gayà,Left-Back,23,€35.00m,Valencia CF,['Spain'],https://www.transfermarkt.com/jose-gaya/profil/spieler/221322,35.0,2017/18
Toni Lato,Left-Back,20,€8.00m,Valencia CF,['Spain'],https://www.transfermarkt.com/toni-lato/profil/spieler/320271,8.0,2017/18
João Cancelo,Right-Back,24,€35.00m,Valencia CF,['Portugal'],https://www.transfermarkt.com/joao-cancelo/profil/spieler/182712,35.0,2017/18
Martín Montoya,Right-Back,27,€8.00m,Valencia CF,['Spain'],https://www.transfermarkt.com/martin-montoya/profil/spieler/68645,8.0,2017/18
Nacho Vidal,Right-Back,23,€1.00m,Valencia CF,['Spain'],https://www.transfermarkt.com/nacho-vidal/profil/spieler/216870,1.0,2017/18
Geoffrey Kondogbia,Defensive Midfield,25,€30.00m,Valencia CF,"['Central African Republic', 'France']",https://www.transfermarkt.com/geoffrey-kondogbia/profil/spieler/127189,30.0,2017/18
Francis Coquelin,Defensive Midfield,27,€12.00m,Valencia CF,"['France', 'Réunion']",https://www.transfermarkt.com/francis-coquelin/profil/spieler/74869,12.0,2017/18
Carlos Soler,Central Midfield,21,€30.00m,Valencia CF,['Spain'],https://www.transfermarkt.com/carlos-soler/profil/spieler/372246,30.0,2017/18
Dani Parejo,Central Midfield,29,€20.00m,Valencia CF,['Spain'],https://www.transfermarkt.com/dani-parejo/profil/spieler/59561,20.0,2017/18
Nemanja Maksimovic,Central Midfield,23,€3.00m,Valencia CF,['Serbia'],https://www.transfermarkt.com/nemanja-maksimovic/profil/spieler/273152,3.0,2017/18
Álvaro Medrán,Central Midfield,24,€1.80m,Valencia CF,['Spain'],https://www.transfermarkt.com/alvaro-medran/profil/spieler/253839,1.8,2017/18
Gonzalo Villar,Central Midfield,20,€200k,Valencia CF,['Spain'],https://www.transfermarkt.com/gonzalo-villar/profil/spieler/398163,0.2,2017/18
Andreas Pereira,Attacking Midfield,22,€6.00m,Valencia CF,"['Brazil', 'Belgium']",https://www.transfermarkt.com/andreas-pereira/profil/spieler/203394,6.0,2017/18
Gonçalo Guedes,Left Winger,21,€40.00m,Valencia CF,['Portugal'],https://www.transfermarkt.com/goncalo-guedes/profil/spieler/225122,40.0,2017/18
Nacho Gil,Left Winger,22,€800k,Valencia CF,['Spain'],https://www.transfermarkt.com/nacho-gil/profil/spieler/336731,0.8,2017/18
Fabián Orellana,Right Winger,32,€2.00m,Valencia CF,"['Chile', 'Spain']",https://www.transfermarkt.com/fabian-orellana/profil/spieler/60890,2.0,2017/18
Rober Ibáñez,Right Winger,25,€1.20m,Valencia CF,['Spain'],https://www.transfermarkt.com/rober-ibanez/profil/spieler/242532,1.2,2017/18
Rodrigo,Centre-Forward,27,€40.00m,Valencia CF,"['Spain', 'Brazil']",https://www.transfermarkt.com/rodrigo/profil/spieler/131505,40.0,2017/18
Simone Zaza,Centre-Forward,27,€22.00m,Valencia CF,['Italy'],https://www.transfermarkt.com/simone-zaza/profil/spieler/96828,22.0,2017/18
Santi Mina,Centre-Forward,22,€20.00m,Valencia CF,['Spain'],https://www.transfermarkt.com/santi-mina/profil/spieler/255653,20.0,2017/18
Luciano Vietto,Centre-Forward,24,€6.00m,Valencia CF,"['Argentina', 'Italy']",https://www.transfermarkt.com/luciano-vietto/profil/spieler/214316,6.0,2017/18
Ferran Torres,Centre-Forward,18,€5.00m,Valencia CF,['Spain'],https://www.transfermarkt.com/ferran-torres/profil/spieler/398184,5.0,2017/18
Sergio Rico,Goalkeeper,24,€12.00m,Sevilla FC,['Spain'],https://www.transfermarkt.com/sergio-rico/profil/spieler/207302,12.0,2017/18
David Soria,Goalkeeper,25,€4.00m,Sevilla FC,['Spain'],https://www.transfermarkt.com/david-soria/profil/spieler/226012,4.0,2017/18
Juan Soriano,Goalkeeper,20,€600k,Sevilla FC,['Spain'],https://www.transfermarkt.com/juan-soriano/profil/spieler/251892,0.6,2017/18
Clément Lenglet,Centre-Back,23,€25.00m,Sevilla FC,['France'],https://www.transfermarkt.com/clement-lenglet/profil/spieler/182904,25.0,2017/18
Simon Kjaer,Centre-Back,29,€10.00m,Sevilla FC,['Denmark'],https://www.transfermarkt.com/simon-kjaer/profil/spieler/48859,10.0,2017/18
Gabriel Mercado,Centre-Back,31,€5.00m,Sevilla FC,"['Argentina', 'Spain']",https://www.transfermarkt.com/gabriel-mercado/profil/spieler/45319,5.0,2017/18
Daniel Carriço,Centre-Back,29,€1.00m,Sevilla FC,['Portugal'],https://www.transfermarkt.com/daniel-carrico/profil/spieler/37712,1.0,2017/18
Nicolás Pareja,Centre-Back,34,€800k,Sevilla FC,"['Argentina', 'Italy']",https://www.transfermarkt.com/nicolas-pareja/profil/spieler/41281,0.8,2017/18
Sergio Escudero,Left-Back,28,€7.50m,Sevilla FC,['Spain'],https://www.transfermarkt.com/sergio-escudero/profil/spieler/93935,7.5,2017/18
Guilherme Arana,Left-Back,21,€5.00m,Sevilla FC,['Brazil'],https://www.transfermarkt.com/guilherme-arana/profil/spieler/346766,5.0,2017/18
Lionel Carole,Left-Back,27,€3.00m,Sevilla FC,"['France', 'Martinique']",https://www.transfermarkt.com/lionel-carole/profil/spieler/11530,3.0,2017/18
Miguel Layún,Right-Back,30,€5.00m,Sevilla FC,"['Mexico', 'Spain']",https://www.transfermarkt.com/miguel-layun/profil/spieler/58576,5.0,2017/18
Jesús Navas,Right-Back,32,€5.00m,Sevilla FC,['Spain'],https://www.transfermarkt.com/jesus-navas/profil/spieler/15956,5.0,2017/18
Sébastien Corchia,Right-Back,27,€4.00m,Sevilla FC,"['France', 'Italy']",https://www.transfermarkt.com/sebastien-corchia/profil/spieler/102744,4.0,2017/18
Álex Pozo,Right-Back,19,€2.00m,Sevilla FC,['Spain'],https://www.transfermarkt.com/alex-pozo/profil/spieler/341272,2.0,2017/18
Steven Nzonzi,Defensive Midfield,29,€30.00m,Sevilla FC,"['France', 'DR Congo']",https://www.transfermarkt.com/steven-nzonzi/profil/spieler/73734,30.0,2017/18
Guido Pizarro,Defensive Midfield,28,€7.50m,Sevilla FC,"['Argentina', 'Mexico']",https://www.transfermarkt.com/guido-pizarro/profil/spieler/105899,7.5,2017/18
Johannes Geis,Defensive Midfield,24,€5.00m,Sevilla FC,['Germany'],https://www.transfermarkt.com/johannes-geis/profil/spieler/89650,5.0,2017/18
Éver Banega,Central Midfield,30,€12.00m,Sevilla FC,"['Argentina', 'Spain']",https://www.transfermarkt.com/ever-banega/profil/spieler/12249,12.0,2017/18
Roque Mesa,Central Midfield,29,€7.00m,Sevilla FC,['Spain'],https://www.transfermarkt.com/roque-mesa/profil/spieler/202984,7.0,2017/18
Walter Montoya,Central Midfield,24,€4.00m,Sevilla FC,['Argentina'],https://www.transfermarkt.com/walter-montoya/profil/spieler/267420,4.0,2017/18
Michael Krohn-Dehli,Central Midfield,35,€800k,Sevilla FC,['Denmark'],https://www.transfermarkt.com/michael-krohn-dehli/profil/spieler/18006,0.8,2017/18
Franco Vázquez,Attacking Midfield,29,€7.50m,Sevilla FC,"['Argentina', 'Italy']",https://www.transfermarkt.com/franco-vazquez/profil/spieler/76163,7.5,2017/18
Ganso,Attacking Midfield,28,€2.00m,Sevilla FC,['Brazil'],https://www.transfermarkt.com/ganso/profil/spieler/67920,2.0,2017/18
Borja Lasso,Attacking Midfield,24,€1.00m,Sevilla FC,['Spain'],https://www.transfermarkt.com/borja-lasso/profil/spieler/268949,1.0,2017/18
Nolito,Left Winger,31,€5.00m,Sevilla FC,['Spain'],https://www.transfermarkt.com/nolito/profil/spieler/70934,5.0,2017/18
José Alonso Lara,Left Winger,18,€500k,Sevilla FC,['Spain'],https://www.transfermarkt.com/jose-alonso-lara/profil/spieler/461858,0.5,2017/18
Pablo Sarabia,Right Winger,26,€20.00m,Sevilla FC,['Spain'],https://www.transfermarkt.com/pablo-sarabia/profil/spieler/74230,20.0,2017/18
Joaquín Correa,Second Striker,23,€10.00m,Sevilla FC,"['Argentina', 'Italy']",https://www.transfermarkt.com/joaquin-correa/profil/spieler/227081,10.0,2017/18
Wissam Ben Yedder,Centre-Forward,27,€28.00m,Sevilla FC,"['France', 'Tunisia']",https://www.transfermarkt.com/wissam-ben-yedder/profil/spieler/146854,28.0,2017/18
Luis Muriel,Centre-Forward,27,€12.00m,Sevilla FC,['Colombia'],https://www.transfermarkt.com/luis-muriel/profil/spieler/119228,12.0,2017/18
Sandro Ramírez,Centre-Forward,22,€10.00m,Sevilla FC,['Spain'],https://www.transfermarkt.com/sandro-ramirez/profil/spieler/199369,10.0,2017/18
Carlos Fernández,Centre-Forward,22,€1.00m,Sevilla FC,['Spain'],https://www.transfermarkt.com/carlos-fernandez/profil/spieler/216464,1.0,2017/18
Kepa Arrizabalaga,Goalkeeper,23,€20.00m,Athletic Bilbao,['Spain'],https://www.transfermarkt.com/kepa-arrizabalaga/profil/spieler/192279,20.0,2017/18
Iago Herrerín,Goalkeeper,30,€3.00m,Athletic Bilbao,['Spain'],https://www.transfermarkt.com/iago-herrerin/profil/spieler/71570,3.0,2017/18
Unai Simón,Goalkeeper,21,€500k,Athletic Bilbao,['Spain'],https://www.transfermarkt.com/unai-simon/profil/spieler/262396,0.5,2017/18
Aymeric Laporte,Centre-Back,24,€50.00m,Athletic Bilbao,"['Spain', 'France']",https://www.transfermarkt.com/aymeric-laporte/profil/spieler/176553,50.0,2017/18
Iñigo Martínez,Centre-Back,27,€32.00m,Athletic Bilbao,['Spain'],https://www.transfermarkt.com/inigo-martinez/profil/spieler/158863,32.0,2017/18
Yeray Álvarez,Centre-Back,23,€15.00m,Athletic Bilbao,['Spain'],https://www.transfermarkt.com/yeray-alvarez/profil/spieler/255488,15.0,2017/18
Unai Núñez,Centre-Back,21,€15.00m,Athletic Bilbao,['Spain'],https://www.transfermarkt.com/unai-nunez/profil/spieler/338285,15.0,2017/18
Xabi Etxeita,Centre-Back,30,€2.00m,Athletic Bilbao,['Spain'],https://www.transfermarkt.com/xabi-etxeita/profil/spieler/71559,2.0,2017/18
Enric Saborit,Centre-Back,26,€800k,Athletic Bilbao,['Spain'],https://www.transfermarkt.com/enric-saborit/profil/spieler/85372,0.8,2017/18
Óscar Gil,Centre-Back,23,€400k,Athletic Bilbao,['Spain'],https://www.transfermarkt.com/oscar-gil/profil/spieler/199341,0.4,2017/18
Dani Vivian,Centre-Back,18,€50k,Athletic Bilbao,['Spain'],https://www.transfermarkt.com/dani-vivian/profil/spieler/524000,0.05,2017/18
Mikel Balenziaga,Left-Back,30,€4.00m,Athletic Bilbao,['Spain'],https://www.transfermarkt.com/mikel-balenziaga/profil/spieler/85258,4.0,2017/18
Andoni López,Left-Back,22,€600k,Athletic Bilbao,['Spain'],https://www.transfermarkt.com/andoni-lopez/profil/spieler/340206,0.6,2017/18
Iñigo Lekue,Right-Back,25,€7.50m,Athletic Bilbao,['Spain'],https://www.transfermarkt.com/inigo-lekue/profil/spieler/255501,7.5,2017/18
Óscar de Marcos,Right-Back,29,€6.00m,Athletic Bilbao,['Spain'],https://www.transfermarkt.com/oscar-de-marcos/profil/spieler/96718,6.0,2017/18
Eneko Bóveda,Right-Back,29,€1.50m,Athletic Bilbao,['Spain'],https://www.transfermarkt.com/eneko-boveda/profil/spieler/89313,1.5,2017/18
Mikel San José,Defensive Midfield,29,€9.00m,Athletic Bilbao,['Spain'],https://www.transfermarkt.com/mikel-san-jose/profil/spieler/52469,9.0,2017/18
Ander Iturraspe,Defensive Midfield,29,€5.00m,Athletic Bilbao,['Spain'],https://www.transfermarkt.com/ander-iturraspe/profil/spieler/71571,5.0,2017/18
Mikel Vesga,Defensive Midfield,25,€2.50m,Athletic Bilbao,['Spain'],https://www.transfermarkt.com/mikel-vesga/profil/spieler/300168,2.5,2017/18
Peru Nolaskoain,Defensive Midfield,19,€300k,Athletic Bilbao,['Spain'],https://www.transfermarkt.com/peru-nolaskoain/profil/spieler/447052,0.3,2017/18
Beñat Etxebarria,Central Midfield,31,€4.00m,Athletic Bilbao,['Spain'],https://www.transfermarkt.com/benat-etxebarria/profil/spieler/40888,4.0,2017/18
Mikel Rico,Central Midfield,33,€1.50m,Athletic Bilbao,['Spain'],https://www.transfermarkt.com/mikel-rico/profil/spieler/51474,1.5,2017/18
Víctor San Bartolomé,Central Midfield,18,€50k,Athletic Bilbao,['Spain'],https://www.transfermarkt.com/victor-san-bartolome/profil/spieler/455348,0.05,2017/18
Iker Muniain,Attacking Midfield,25,€10.00m,Athletic Bilbao,['Spain'],https://www.transfermarkt.com/iker-muniain/profil/spieler/54235,10.0,2017/18
Raúl García,Attacking Midfield,31,€9.00m,Athletic Bilbao,['Spain'],https://www.transfermarkt.com/raul-garcia/profil/spieler/34601,9.0,2017/18
Iñigo Córdoba,Left Winger,21,€5.00m,Athletic Bilbao,['Spain'],https://www.transfermarkt.com/inigo-cordoba/profil/spieler/251848,5.0,2017/18
Iñaki Williams,Right Winger,24,€30.00m,Athletic Bilbao,"['Ghana', 'Spain']",https://www.transfermarkt.com/inaki-williams/profil/spieler/255508,30.0,2017/18
Markel Susaeta,Right Winger,30,€9.00m,Athletic Bilbao,['Spain'],https://www.transfermarkt.com/markel-susaeta/profil/spieler/54245,9.0,2017/18
Ager Aketxe,Right Winger,24,€2.50m,Athletic Bilbao,['Spain'],https://www.transfermarkt.com/ager-aketxe/profil/spieler/158057,2.5,2017/18
Iñigo Muñoz,Right Winger,21,€200k,Athletic Bilbao,['Spain'],https://www.transfermarkt.com/inigo-munoz/profil/spieler/442767,0.2,2017/18
Sabin Merino,Centre-Forward,26,€1.50m,Athletic Bilbao,['Spain'],https://www.transfermarkt.com/sabin-merino/profil/spieler/192736,1.5,2017/18
Aritz Aduriz,Centre-Forward,37,€1.00m,Athletic Bilbao,['Spain'],https://www.transfermarkt.com/aritz-aduriz/profil/spieler/29124,1.0,2017/18
Kike Sola,Centre-Forward,32,€500k,Athletic Bilbao,['Spain'],https://www.transfermarkt.com/kike-sola/profil/spieler/51532,0.5,2017/18
Gerónimo Rulli,Goalkeeper,26,€10.00m,Real Sociedad,"['Argentina', 'Italy']",https://www.transfermarkt.com/geronimo-rulli/profil/spieler/229604,10.0,2017/18
Miguel Ángel Moyá,Goalkeeper,34,€2.00m,Real Sociedad,['Spain'],https://www.transfermarkt.com/miguel-angel-moya/profil/spieler/26065,2.0,2017/18
Toño,Goalkeeper,31,€400k,Real Sociedad,['Spain'],https://www.transfermarkt.com/tono/profil/spieler/76285,0.4,2017/18
Andoni Zubiaurre,Goalkeeper,21,€300k,Real Sociedad,['Spain'],https://www.transfermarkt.com/andoni-zubiaurre/profil/spieler/428948,0.3,2017/18
Iñigo Martínez,Centre-Back,27,€32.00m,Real Sociedad,['Spain'],https://www.transfermarkt.com/inigo-martinez/profil/spieler/158863,32.0,2017/18
Diego Llorente,Centre-Back,24,€17.50m,Real Sociedad,['Spain'],https://www.transfermarkt.com/diego-llorente/profil/spieler/246291,17.5,2017/18
Igor Zubeldia,Centre-Back,21,€5.00m,Real Sociedad,['Spain'],https://www.transfermarkt.com/igor-zubeldia/profil/spieler/355628,5.0,2017/18
Aritz Elustondo,Centre-Back,24,€5.00m,Real Sociedad,['Spain'],https://www.transfermarkt.com/aritz-elustondo/profil/spieler/229804,5.0,2017/18
Héctor Moreno,Centre-Back,30,€4.00m,Real Sociedad,"['Mexico', 'Spain']",https://www.transfermarkt.com/hector-moreno/profil/spieler/51046,4.0,2017/18
Raúl Navas,Centre-Back,30,€3.00m,Real Sociedad,['Spain'],https://www.transfermarkt.com/raul-navas/profil/spieler/142419,3.0,2017/18
Kévin Rodrigues,Left-Back,24,€2.00m,Real Sociedad,"['Portugal', 'France']",https://www.transfermarkt.com/kevin-rodrigues/profil/spieler/206947,2.0,2017/18
Alberto de la Bella,Left-Back,32,€1.20m,Real Sociedad,['Spain'],https://www.transfermarkt.com/alberto-de-la-bella/profil/spieler/73319,1.2,2017/18
Álvaro Odriozola,Right-Back,22,€25.00m,Real Sociedad,['Spain'],https://www.transfermarkt.com/alvaro-odriozola/profil/spieler/280730,25.0,2017/18
Andoni Gorosabel,Right-Back,21,€1.00m,Real Sociedad,['Spain'],https://www.transfermarkt.com/andoni-gorosabel/profil/spieler/289255,1.0,2017/18
Carlos Martínez,Right-Back,32,€500k,Real Sociedad,['Spain'],https://www.transfermarkt.com/carlos-martinez/profil/spieler/58074,0.5,2017/18
Asier Illarramendi,Defensive Midfield,28,€20.00m,Real Sociedad,['Spain'],https://www.transfermarkt.com/asier-illarramendi/profil/spieler/59344,20.0,2017/18
David Zurutuza,Central Midfield,31,€3.00m,Real Sociedad,"['Spain', 'France']",https://www.transfermarkt.com/david-zurutuza/profil/spieler/59375,3.0,2017/18
Rubén Pardo,Central Midfield,25,€1.50m,Real Sociedad,['Spain'],https://www.transfermarkt.com/ruben-pardo/profil/spieler/99352,1.5,2017/18
Jon Guridi,Central Midfield,23,€300k,Real Sociedad,['Spain'],https://www.transfermarkt.com/jon-guridi/profil/spieler/289257,0.3,2017/18
Ander Guevara,Central Midfield,20,€250k,Real Sociedad,['Spain'],https://www.transfermarkt.com/ander-guevara/profil/spieler/465967,0.25,2017/18
Sergio Canales,Attacking Midfield,27,€5.00m,Real Sociedad,['Spain'],https://www.transfermarkt.com/sergio-canales/profil/spieler/66106,5.0,2017/18
Xabi Prieto,Attacking Midfield,34,€3.00m,Real Sociedad,['Spain'],https://www.transfermarkt.com/xabi-prieto/profil/spieler/15693,3.0,2017/18
Juanmi,Left Winger,25,€7.50m,Real Sociedad,['Spain'],https://www.transfermarkt.com/juanmi/profil/spieler/126737,7.5,2017/18
Adnan Januzaj,Right Winger,23,€12.00m,Real Sociedad,"['Belgium', 'Kosovo']",https://www.transfermarkt.com/adnan-januzaj/profil/spieler/177847,12.0,2017/18
Carlos Vela,Right Winger,29,€8.50m,Real Sociedad,"['Mexico', 'Spain']",https://www.transfermarkt.com/carlos-vela/profil/spieler/35773,8.5,2017/18
Mikel Oyarzabal,Centre-Forward,21,€35.00m,Real Sociedad,['Spain'],https://www.transfermarkt.com/mikel-oyarzabal/profil/spieler/351478,35.0,2017/18
Willian José,Centre-Forward,26,€25.00m,Real Sociedad,"['Brazil', 'Spain']",https://www.transfermarkt.com/willian-jose/profil/spieler/122155,25.0,2017/18
Jon Bautista,Centre-Forward,22,€2.00m,Real Sociedad,['Spain'],https://www.transfermarkt.com/jon-bautista/profil/spieler/289236,2.0,2017/18
Imanol Agirretxe,Centre-Forward,31,€1.00m,Real Sociedad,['Spain'],https://www.transfermarkt.com/imanol-agirretxe/profil/spieler/37501,1.0,2017/18
Sergio Asenjo,Goalkeeper,29,€8.00m,Villarreal CF,['Spain'],https://www.transfermarkt.com/sergio-asenjo/profil/spieler/51710,8.0,2017/18
Andrés Fernández,Goalkeeper,31,€800k,Villarreal CF,['Spain'],https://www.transfermarkt.com/andres-fernandez/profil/spieler/57522,0.8,2017/18
Mariano Barbosa,Goalkeeper,33,€800k,Villarreal CF,"['Argentina', 'Italy']",https://www.transfermarkt.com/mariano-barbosa/profil/spieler/30749,0.8,2017/18
Ander Cantero,Goalkeeper,23,€300k,Villarreal CF,['Spain'],https://www.transfermarkt.com/ander-cantero/profil/spieler/199325,0.3,2017/18
Mario Gaspar,Centre-Back,27,€18.00m,Villarreal CF,['Spain'],https://www.transfermarkt.com/mario-gaspar/profil/spieler/73250,18.0,2017/18
Víctor Ruiz,Centre-Back,29,€12.00m,Villarreal CF,['Spain'],https://www.transfermarkt.com/victor-ruiz/profil/spieler/62920,12.0,2017/18
Álvaro González,Centre-Back,28,€9.00m,Villarreal CF,['Spain'],https://www.transfermarkt.com/alvaro-gonzalez/profil/spieler/183647,9.0,2017/18
Rúben Semedo,Centre-Back,24,€1.00m,Villarreal CF,"['Portugal', 'Cape Verde']",https://www.transfermarkt.com/ruben-semedo/profil/spieler/197602,1.0,2017/18
Pau Torres,Centre-Back,21,€500k,Villarreal CF,['Spain'],https://www.transfermarkt.com/pau-torres/profil/spieler/399776,0.5,2017/18
Daniele Bonera,Centre-Back,37,€200k,Villarreal CF,['Italy'],https://www.transfermarkt.com/daniele-bonera/profil/spieler/5856,0.2,2017/18
Genís Montolio,Centre-Back,21,€100k,Villarreal CF,['Spain'],https://www.transfermarkt.com/genis-montolio/profil/spieler/478426,0.1,2017/18
Pepe Castaño,Centre-Back,19,-,Villarreal CF,['Spain'],https://www.transfermarkt.com/pepe-castano/profil/spieler/354742,0.0,2017/18
Jaume Costa,Left-Back,30,€9.00m,Villarreal CF,['Spain'],https://www.transfermarkt.com/jaume-costa/profil/spieler/65318,9.0,2017/18
Adrián Marín,Left-Back,21,€1.00m,Villarreal CF,['Spain'],https://www.transfermarkt.com/adrian-marin/profil/spieler/295414,1.0,2017/18
Antonio Rukavina,Right-Back,34,€1.00m,Villarreal CF,['Serbia'],https://www.transfermarkt.com/antonio-rukavina/profil/spieler/27924,1.0,2017/18
Rodri,Defensive Midfield,22,€25.00m,Villarreal CF,['Spain'],https://www.transfermarkt.com/rodri/profil/spieler/357565,25.0,2017/18
Alfred N'Diaye,Defensive Midfield,28,€5.00m,Villarreal CF,"['Senegal', 'France']",https://www.transfermarkt.com/alfred-ndiaye/profil/spieler/77737,5.0,2017/18
Javi Fuego,Defensive Midfield,34,€1.00m,Villarreal CF,['Spain'],https://www.transfermarkt.com/javi-fuego/profil/spieler/56134,1.0,2017/18
Bruno Soriano,Defensive Midfield,34,€1.00m,Villarreal CF,['Spain'],https://www.transfermarkt.com/bruno-soriano/profil/spieler/44412,1.0,2017/18
Pablo Fornals,Central Midfield,22,€25.00m,Villarreal CF,['Spain'],https://www.transfermarkt.com/pablo-fornals/profil/spieler/357885,25.0,2017/18
Manu Trigueros,Central Midfield,26,€20.00m,Villarreal CF,['Spain'],https://www.transfermarkt.com/manu-trigueros/profil/spieler/188854,20.0,2017/18
Manu Morlanes,Central Midfield,19,€1.00m,Villarreal CF,['Spain'],https://www.transfermarkt.com/manu-morlanes/profil/spieler/335225,1.0,2017/18
Imanol García,Central Midfield,22,€300k,Villarreal CF,['Spain'],https://www.transfermarkt.com/imanol-garcia/profil/spieler/455056,0.3,2017/18
Ramiro Guerra,Central Midfield,21,€200k,Villarreal CF,"['Uruguay', 'Spain']",https://www.transfermarkt.com/ramiro-guerra/profil/spieler/222571,0.2,2017/18
Pedro Martínez,Central Midfield,22,€100k,Villarreal CF,['Spain'],https://www.transfermarkt.com/pedro-martinez/profil/spieler/404632,0.1,2017/18
Sergio Lozano,Central Midfield,19,€50k,Villarreal CF,['Spain'],https://www.transfermarkt.com/sergio-lozano/profil/spieler/341277,0.05,2017/18
Roberto Soriano,Attacking Midfield,27,€7.50m,Villarreal CF,"['Italy', 'Germany']",https://www.transfermarkt.com/roberto-soriano/profil/spieler/63186,7.5,2017/18
Chuca,Attacking Midfield,21,€500k,Villarreal CF,['Spain'],https://www.transfermarkt.com/chuca/profil/spieler/399779,0.5,2017/18
Nicola Sansone,Left Winger,26,€7.50m,Villarreal CF,"['Italy', 'Germany']",https://www.transfermarkt.com/nicola-sansone/profil/spieler/82048,7.5,2017/18
Denis Cheryshev,Left Winger,27,€3.00m,Villarreal CF,"['Russia', 'Spain']",https://www.transfermarkt.com/denis-cheryshev/profil/spieler/98322,3.0,2017/18
Salem Al-Dawsari,Left Winger,26,€800k,Villarreal CF,['Saudi Arabia'],https://www.transfermarkt.com/salem-al-dawsari/profil/spieler/195332,0.8,2017/18
Samu Castillejo,Right Winger,23,€15.00m,Villarreal CF,['Spain'],https://www.transfermarkt.com/samu-castillejo/profil/spieler/195171,15.0,2017/18
Dani Raba,Right Winger,22,€2.00m,Villarreal CF,['Spain'],https://www.transfermarkt.com/dani-raba/profil/spieler/413262,2.0,2017/18
Leo Suárez,Right Winger,22,€400k,Villarreal CF,"['Argentina', 'Spain']",https://www.transfermarkt.com/leo-suarez/profil/spieler/294894,0.4,2017/18
Cédric Bakambu,Centre-Forward,27,€22.00m,Villarreal CF,"['DR Congo', 'France']",https://www.transfermarkt.com/cedric-bakambu/profil/spieler/127048,22.0,2017/18
Carlos Bacca,Centre-Forward,31,€10.00m,Villarreal CF,['Colombia'],https://www.transfermarkt.com/carlos-bacca/profil/spieler/119235,10.0,2017/18
Enes Ünal,Centre-Forward,21,€8.00m,Villarreal CF,['Türkiye'],https://www.transfermarkt.com/enes-unal/profil/spieler/251106,8.0,2017/18
Roger Martínez,Centre-Forward,24,€2.50m,Villarreal CF,['Colombia'],https://www.transfermarkt.com/roger-martinez/profil/spieler/285771,2.5,2017/18
Darío Poveda,Centre-Forward,21,€250k,Villarreal CF,['Spain'],https://www.transfermarkt.com/dario-poveda/profil/spieler/399780,0.25,2017/18
Mario González,Centre-Forward,22,€200k,Villarreal CF,['Spain'],https://www.transfermarkt.com/mario-gonzalez/profil/spieler/255995,0.2,2017/18
Rubén Blanco,Goalkeeper,22,€3.00m,Celta de Vigo,['Spain'],https://www.transfermarkt.com/ruben-blanco/profil/spieler/199321,3.0,2017/18
Sergio Álvarez,Goalkeeper,31,€2.00m,Celta de Vigo,['Spain'],https://www.transfermarkt.com/sergio-alvarez/profil/spieler/45912,2.0,2017/18
Iván Villar,Goalkeeper,20,€300k,Celta de Vigo,['Spain'],https://www.transfermarkt.com/ivan-villar/profil/spieler/297194,0.3,2017/18
Dani Sotres,Goalkeeper,25,€200k,Celta de Vigo,['Spain'],https://www.transfermarkt.com/dani-sotres/profil/spieler/171170,0.2,2017/18
Fran Vieites,Goalkeeper,19,-,Celta de Vigo,['Spain'],https://www.transfermarkt.com/fran-vieites/profil/spieler/551182,0.0,2017/18
Sergi Gómez,Centre-Back,26,€8.00m,Celta de Vigo,['Spain'],https://www.transfermarkt.com/sergi-gomez/profil/spieler/92947,8.0,2017/18
Andreu Fontàs,Centre-Back,28,€3.00m,Celta de Vigo,['Spain'],https://www.transfermarkt.com/andreu-fontas/profil/spieler/65237,3.0,2017/18
Facundo Roncaglia,Centre-Back,31,€3.00m,Celta de Vigo,"['Argentina', 'Italy']",https://www.transfermarkt.com/facundo-roncaglia/profil/spieler/61546,3.0,2017/18
Gustavo Cabral,Centre-Back,32,€2.50m,Celta de Vigo,"['Argentina', 'Spain']",https://www.transfermarkt.com/gustavo-cabral/profil/spieler/30677,2.5,2017/18
Diego Alende,Centre-Back,20,€300k,Celta de Vigo,['Spain'],https://www.transfermarkt.com/diego-alende/profil/spieler/373683,0.3,2017/18
Robert Mazan,Left-Back,24,€800k,Celta de Vigo,['Slovakia'],https://www.transfermarkt.com/robert-mazan/profil/spieler/181619,0.8,2017/18
Diego Pampín,Left-Back,18,€250k,Celta de Vigo,['Spain'],https://www.transfermarkt.com/diego-pampin/profil/spieler/505493,0.25,2017/18
Hugo Mallo,Right-Back,27,€12.00m,Celta de Vigo,['Spain'],https://www.transfermarkt.com/hugo-mallo/profil/spieler/119905,12.0,2017/18
Jonny Otto,Right-Back,24,€12.00m,Celta de Vigo,['Spain'],https://www.transfermarkt.com/jonny-otto/profil/spieler/175446,12.0,2017/18
Stanislav Lobotka,Defensive Midfield,23,€15.00m,Celta de Vigo,['Slovakia'],https://www.transfermarkt.com/stanislav-lobotka/profil/spieler/192735,15.0,2017/18
Nemanja Radoja,Defensive Midfield,25,€6.00m,Celta de Vigo,['Serbia'],https://www.transfermarkt.com/nemanja-radoja/profil/spieler/168959,6.0,2017/18
Daniel Wass,Central Midfield,29,€15.00m,Celta de Vigo,['Denmark'],https://www.transfermarkt.com/daniel-wass/profil/spieler/63463,15.0,2017/18
Pablo Hernández,Central Midfield,31,€5.00m,Celta de Vigo,"['Chile', 'Argentina']",https://www.transfermarkt.com/pablo-hernandez/profil/spieler/91763,5.0,2017/18
Jozabed Sánchez,Central Midfield,27,€2.00m,Celta de Vigo,['Spain'],https://www.transfermarkt.com/jozabed-sanchez/profil/spieler/207924,2.0,2017/18
Dani Molina,Central Midfield,22,€250k,Celta de Vigo,['Spain'],https://www.transfermarkt.com/dani-molina/profil/spieler/305957,0.25,2017/18
Brais Méndez,Attacking Midfield,21,€3.50m,Celta de Vigo,['Spain'],https://www.transfermarkt.com/brais-mendez/profil/spieler/309110,3.5,2017/18
Andrew Hjulsager,Attacking Midfield,23,€800k,Celta de Vigo,['Denmark'],https://www.transfermarkt.com/andrew-hjulsager/profil/spieler/167798,0.8,2017/18
Pione Sisto,Left Winger,23,€15.00m,Celta de Vigo,"['Denmark', 'Southern Sudan']",https://www.transfermarkt.com/pione-sisto/profil/spieler/252641,15.0,2017/18
Dejan Drazic,Left Winger,22,€500k,Celta de Vigo,"['Serbia', 'Croatia']",https://www.transfermarkt.com/dejan-drazic/profil/spieler/291247,0.5,2017/18
Emre Mor,Right Winger,20,€3.00m,Celta de Vigo,"['Türkiye', 'Denmark']",https://www.transfermarkt.com/emre-mor/profil/spieler/283223,3.0,2017/18
Víctor Pastrana,Right Winger,21,€150k,Celta de Vigo,['Spain'],https://www.transfermarkt.com/victor-pastrana/profil/spieler/355397,0.15,2017/18
Maxi Gómez,Centre-Forward,21,€25.00m,Celta de Vigo,['Uruguay'],https://www.transfermarkt.com/maxi-gomez/profil/spieler/396894,25.0,2017/18
Iago Aspas,Centre-Forward,30,€25.00m,Celta de Vigo,['Spain'],https://www.transfermarkt.com/iago-aspas/profil/spieler/72047,25.0,2017/18
John Guidetti,Centre-Forward,26,€5.00m,Celta de Vigo,['Sweden'],https://www.transfermarkt.com/john-guidetti/profil/spieler/98596,5.0,2017/18
Claudio Beauvue,Centre-Forward,30,€2.50m,Celta de Vigo,"['Guadeloupe', 'France']",https://www.transfermarkt.com/claudio-beauvue/profil/spieler/58818,2.5,2017/18
Lucas Boyé,Centre-Forward,22,€1.50m,Celta de Vigo,"['Argentina', 'Italy']",https://www.transfermarkt.com/lucas-boye/profil/spieler/334222,1.5,2017/18
Dennis Eckert Ayensa,Centre-Forward,21,€500k,Celta de Vigo,"['Germany', 'Spain']",https://www.transfermarkt.com/dennis-eckert-ayensa/profil/spieler/249303,0.5,2017/18
Antonio Adán,Goalkeeper,31,€5.00m,Real Betis Balompié,['Spain'],https://www.transfermarkt.com/antonio-adan/profil/spieler/44062,5.0,2017/18
Pedro López,Goalkeeper,23,€250k,Real Betis Balompié,['Spain'],https://www.transfermarkt.com/pedro-lopez/profil/spieler/303248,0.25,2017/18
Dani Giménez,Goalkeeper,34,€200k,Real Betis Balompié,['Spain'],https://www.transfermarkt.com/dani-gimenez/profil/spieler/71801,0.2,2017/18
Dani Rebollo,Goalkeeper,18,-,Real Betis Balompié,['Spain'],https://www.transfermarkt.com/dani-rebollo/profil/spieler/566666,0.0,2017/18
Marc Bartra,Centre-Back,27,€17.50m,Real Betis Balompié,['Spain'],https://www.transfermarkt.com/marc-bartra/profil/spieler/99922,17.5,2017/18
Aïssa Mandi,Centre-Back,26,€9.00m,Real Betis Balompié,"['Algeria', 'France']",https://www.transfermarkt.com/aissa-mandi/profil/spieler/80293,9.0,2017/18
Jordi Amat,Centre-Back,26,€5.00m,Real Betis Balompié,"['Indonesia', 'Spain']",https://www.transfermarkt.com/jordi-amat/profil/spieler/85289,5.0,2017/18
Zouhair Feddal,Centre-Back,28,€3.00m,Real Betis Balompié,"['Morocco', 'Spain']",https://www.transfermarkt.com/zouhair-feddal/profil/spieler/129386,3.0,2017/18
Alin Toșca,Centre-Back,26,€1.50m,Real Betis Balompié,['Romania'],https://www.transfermarkt.com/alin-tosca/profil/spieler/148004,1.5,2017/18
Riza Durmisi,Left-Back,24,€5.00m,Real Betis Balompié,"['Denmark', 'Albania']",https://www.transfermarkt.com/riza-durmisi/profil/spieler/135208,5.0,2017/18
Junior Firpo,Left-Back,21,€5.00m,Real Betis Balompié,"['Dominican Republic', 'Spain']",https://www.transfermarkt.com/junior-firpo/profil/spieler/374139,5.0,2017/18
Carlos Redru,Left-Back,21,€200k,Real Betis Balompié,['Spain'],https://www.transfermarkt.com/carlos-redru/profil/spieler/521329,0.2,2017/18
Antonio Barragán,Right-Back,31,€2.50m,Real Betis Balompié,['Spain'],https://www.transfermarkt.com/antonio-barragan/profil/spieler/32522,2.5,2017/18
Francis Guerrero,Right-Back,22,€2.50m,Real Betis Balompié,['Spain'],https://www.transfermarkt.com/francis-guerrero/profil/spieler/370691,2.5,2017/18
Rafa Navarro,Right-Back,24,€500k,Real Betis Balompié,['Spain'],https://www.transfermarkt.com/rafa-navarro/profil/spieler/351746,0.5,2017/18
Aitor Ruibal,Right-Back,22,€300k,Real Betis Balompié,['Spain'],https://www.transfermarkt.com/aitor-ruibal/profil/spieler/378139,0.3,2017/18
Javi García,Defensive Midfield,31,€4.00m,Real Betis Balompié,['Spain'],https://www.transfermarkt.com/javi-garcia/profil/spieler/36350,4.0,2017/18
Fabián Ruiz,Central Midfield,22,€20.00m,Real Betis Balompié,['Spain'],https://www.transfermarkt.com/fabian-ruiz/profil/spieler/350219,20.0,2017/18
Víctor Camarasa,Central Midfield,24,€6.00m,Real Betis Balompié,['Spain'],https://www.transfermarkt.com/victor-camarasa/profil/spieler/263856,6.0,2017/18
Andrés Guardado,Central Midfield,31,€5.00m,Real Betis Balompié,"['Mexico', 'Spain']",https://www.transfermarkt.com/andres-guardado/profil/spieler/20506,5.0,2017/18
Julio Gracia,Central Midfield,20,€300k,Real Betis Balompié,['Spain'],https://www.transfermarkt.com/julio-gracia/profil/spieler/391346,0.3,2017/18
Ryad Boudebouz,Attacking Midfield,28,€8.00m,Real Betis Balompié,"['Algeria', 'France']",https://www.transfermarkt.com/ryad-boudebouz/profil/spieler/77826,8.0,2017/18
Cristian Tello,Left Winger,26,€6.00m,Real Betis Balompié,['Spain'],https://www.transfermarkt.com/cristian-tello/profil/spieler/141834,6.0,2017/18
Matías Nahuel,Left Winger,21,€1.00m,Real Betis Balompié,"['Spain', 'Argentina']",https://www.transfermarkt.com/matias-nahuel/profil/spieler/263843,1.0,2017/18
Joel Campbell,Right Winger,26,€3.00m,Real Betis Balompié,['Costa Rica'],https://www.transfermarkt.com/joel-campbell/profil/spieler/131248,3.0,2017/18
Joaquín,Right Winger,36,€500k,Real Betis Balompié,['Spain'],https://www.transfermarkt.com/joaquin/profil/spieler/7663,0.5,2017/18
Antonio Sanabria,Centre-Forward,22,€7.50m,Real Betis Balompié,"['Paraguay', 'Spain']",https://www.transfermarkt.com/antonio-sanabria/profil/spieler/234523,7.5,2017/18
Loren Morón,Centre-Forward,24,€7.50m,Real Betis Balompié,['Spain'],https://www.transfermarkt.com/loren-moron/profil/spieler/354741,7.5,2017/18
Sergio León,Centre-Forward,29,€5.00m,Real Betis Balompié,['Spain'],https://www.transfermarkt.com/sergio-leon/profil/spieler/145769,5.0,2017/18
Rubén Castro,Centre-Forward,37,€500k,Real Betis Balompié,['Spain'],https://www.transfermarkt.com/ruben-castro/profil/spieler/25316,0.5,2017/18
Juanjo Narváez,Centre-Forward,23,€500k,Real Betis Balompié,"['Colombia', 'Spain']",https://www.transfermarkt.com/juanjo-narvaez/profil/spieler/213595,0.5,2017/18
Pau López,Goalkeeper,23,€5.00m,RCD Espanyol Barcelona,['Spain'],https://www.transfermarkt.com/pau-lopez/profil/spieler/286415,5.0,2017/18
Diego López,Goalkeeper,36,€500k,RCD Espanyol Barcelona,['Spain'],https://www.transfermarkt.com/diego-lopez/profil/spieler/34370,0.5,2017/18
Edu Frías,Goalkeeper,19,-,RCD Espanyol Barcelona,['Spain'],https://www.transfermarkt.com/edu-frias/profil/spieler/503032,0.0,2017/18
Adri López,Goalkeeper,19,-,RCD Espanyol Barcelona,['Spain'],https://www.transfermarkt.com/adri-lopez/profil/spieler/412042,0.0,2017/18
David López,Centre-Back,28,€8.00m,RCD Espanyol Barcelona,['Spain'],https://www.transfermarkt.com/david-lopez/profil/spieler/129444,8.0,2017/18
Mario Hermoso,Centre-Back,23,€5.00m,RCD Espanyol Barcelona,['Spain'],https://www.transfermarkt.com/mario-hermoso/profil/spieler/281769,5.0,2017/18
Naldo,Centre-Back,29,€1.00m,RCD Espanyol Barcelona,"['Brazil', 'Italy']",https://www.transfermarkt.com/naldo/profil/spieler/148666,1.0,2017/18
Óscar Duarte,Centre-Back,29,€1.00m,RCD Espanyol Barcelona,"['Costa Rica', 'Spain']",https://www.transfermarkt.com/oscar-duarte/profil/spieler/175323,1.0,2017/18
Sergio Sánchez,Centre-Back,32,€1.00m,RCD Espanyol Barcelona,['Spain'],https://www.transfermarkt.com/sergio-sanchez/profil/spieler/38270,1.0,2017/18
Aarón Martín,Left-Back,21,€12.00m,RCD Espanyol Barcelona,['Spain'],https://www.transfermarkt.com/aaron-martin/profil/spieler/251878,12.0,2017/18
Dídac Vilà,Left-Back,29,€1.00m,RCD Espanyol Barcelona,['Spain'],https://www.transfermarkt.com/didac-vila/profil/spieler/67090,1.0,2017/18
Marc Navarro,Right-Back,22,€2.00m,RCD Espanyol Barcelona,['Spain'],https://www.transfermarkt.com/marc-navarro/profil/spieler/335245,2.0,2017/18
Javi López,Right-Back,32,€1.00m,RCD Espanyol Barcelona,['Spain'],https://www.transfermarkt.com/javi-lopez/profil/spieler/72310,1.0,2017/18
Carlos Sánchez,Defensive Midfield,32,€2.00m,RCD Espanyol Barcelona,['Colombia'],https://www.transfermarkt.com/carlos-sanchez/profil/spieler/51226,2.0,2017/18
Javi Fuego,Defensive Midfield,34,€1.00m,RCD Espanyol Barcelona,['Spain'],https://www.transfermarkt.com/javi-fuego/profil/spieler/56134,1.0,2017/18
Pape Diop,Defensive Midfield,32,€1.00m,RCD Espanyol Barcelona,"['Senegal', 'France']",https://www.transfermarkt.com/pape-diop/profil/spieler/39907,1.0,2017/18
Marc Roca,Defensive Midfield,21,€800k,RCD Espanyol Barcelona,['Spain'],https://www.transfermarkt.com/marc-roca/profil/spieler/336869,0.8,2017/18
Sergi Darder,Central Midfield,24,€11.00m,RCD Espanyol Barcelona,['Spain'],https://www.transfermarkt.com/sergi-darder/profil/spieler/142021,11.0,2017/18
Víctor Sánchez,Central Midfield,30,€3.50m,RCD Espanyol Barcelona,['Spain'],https://www.transfermarkt.com/victor-sanchez/profil/spieler/63290,3.5,2017/18
Esteban Granero,Central Midfield,30,€1.50m,RCD Espanyol Barcelona,['Spain'],https://www.transfermarkt.com/esteban-granero/profil/spieler/44065,1.5,2017/18
Pablo Piatti,Attacking Midfield,29,€6.00m,RCD Espanyol Barcelona,"['Argentina', 'Italy']",https://www.transfermarkt.com/pablo-piatti/profil/spieler/56067,6.0,2017/18
José Manuel Jurado,Attacking Midfield,32,€2.50m,RCD Espanyol Barcelona,['Spain'],https://www.transfermarkt.com/jose-manuel-jurado/profil/spieler/28261,2.5,2017/18
Óscar Melendo,Attacking Midfield,20,€1.00m,RCD Espanyol Barcelona,['Spain'],https://www.transfermarkt.com/oscar-melendo/profil/spieler/448344,1.0,2017/18
Hernán Pérez,Right Winger,29,€1.20m,RCD Espanyol Barcelona,"['Paraguay', 'Spain']",https://www.transfermarkt.com/hernan-perez/profil/spieler/73636,1.2,2017/18
Gerard Moreno,Centre-Forward,26,€20.00m,RCD Espanyol Barcelona,['Spain'],https://www.transfermarkt.com/gerard-moreno/profil/spieler/177467,20.0,2017/18
Léo Baptistão,Centre-Forward,25,€6.00m,RCD Espanyol Barcelona,"['Brazil', 'Spain']",https://www.transfermarkt.com/leo-baptistao/profil/spieler/221899,6.0,2017/18
Sergio García,Centre-Forward,35,€1.50m,RCD Espanyol Barcelona,['Spain'],https://www.transfermarkt.com/sergio-garcia/profil/spieler/7922,1.5,2017/18
Álvaro Vázquez,Centre-Forward,27,€1.00m,RCD Espanyol Barcelona,['Spain'],https://www.transfermarkt.com/alvaro-vazquez/profil/spieler/141835,1.0,2017/18
Jairo Morillas,Centre-Forward,24,€300k,RCD Espanyol Barcelona,['Spain'],https://www.transfermarkt.com/jairo-morillas/profil/spieler/126741,0.3,2017/18
Leandro Chichizola,Goalkeeper,28,€1.00m,UD Las Palmas,"['Argentina', 'Italy']",https://www.transfermarkt.com/leandro-chichizola/profil/spieler/95736,1.0,2017/18
Raúl Lizoain,Goalkeeper,27,€800k,UD Las Palmas,['Spain'],https://www.transfermarkt.com/raul-lizoain/profil/spieler/167228,0.8,2017/18
Benito del Valle,Goalkeeper,21,€50k,UD Las Palmas,['Spain'],https://www.transfermarkt.com/benito-del-valle/profil/spieler/401825,0.05,2017/18
Mauricio Lemos,Centre-Back,22,€5.50m,UD Las Palmas,['Uruguay'],https://www.transfermarkt.com/mauricio-lemos/profil/spieler/303140,5.5,2017/18
Pedro Bigas,Centre-Back,28,€1.50m,UD Las Palmas,['Spain'],https://www.transfermarkt.com/pedro-bigas/profil/spieler/203043,1.5,2017/18
Alejandro Gálvez,Centre-Back,29,€1.50m,UD Las Palmas,['Spain'],https://www.transfermarkt.com/alejandro-galvez/profil/spieler/128488,1.5,2017/18
Aythami Artiles,Centre-Back,32,€700k,UD Las Palmas,['Spain'],https://www.transfermarkt.com/aythami-artiles/profil/spieler/44735,0.7,2017/18
David García,Centre-Back,36,€100k,UD Las Palmas,['Spain'],https://www.transfermarkt.com/david-garcia/profil/spieler/44012,0.1,2017/18
Dani Castellano,Left-Back,30,€2.00m,UD Las Palmas,['Spain'],https://www.transfermarkt.com/dani-castellano/profil/spieler/64363,2.0,2017/18
Matías Aguirregaray,Right-Back,29,€2.00m,UD Las Palmas,"['Uruguay', 'Spain']",https://www.transfermarkt.com/matias-aguirregaray/profil/spieler/74232,2.0,2017/18
Ximo Navarro,Right-Back,28,€2.00m,UD Las Palmas,['Spain'],https://www.transfermarkt.com/ximo-navarro/profil/spieler/184767,2.0,2017/18
Michel Macedo,Right-Back,28,€1.80m,UD Las Palmas,"['Brazil', 'Spain']",https://www.transfermarkt.com/michel-macedo/profil/spieler/77262,1.8,2017/18
David Simón,Right-Back,29,€800k,UD Las Palmas,['Spain'],https://www.transfermarkt.com/david-simon/profil/spieler/228584,0.8,2017/18
Sergi Samper,Defensive Midfield,23,€2.50m,UD Las Palmas,['Spain'],https://www.transfermarkt.com/sergi-samper/profil/spieler/181112,2.5,2017/18
Vicente Gómez,Defensive Midfield,29,€2.50m,UD Las Palmas,['Spain'],https://www.transfermarkt.com/vicente-gomez/profil/spieler/153236,2.5,2017/18
Peter Etebo,Defensive Midfield,22,€1.50m,UD Las Palmas,['Nigeria'],https://www.transfermarkt.com/peter-etebo/profil/spieler/409106,1.5,2017/18
Javi Castellano,Defensive Midfield,30,€800k,UD Las Palmas,['Spain'],https://www.transfermarkt.com/javi-castellano/profil/spieler/65489,0.8,2017/18
Gabriel Peñalba,Central Midfield,33,€800k,UD Las Palmas,"['Argentina', 'Italy']",https://www.transfermarkt.com/gabriel-penalba/profil/spieler/30929,0.8,2017/18
Hernán Santana,Central Midfield,27,€700k,UD Las Palmas,['Spain'],https://www.transfermarkt.com/hernan-santana/profil/spieler/176133,0.7,2017/18
Alberto Aquilani,Central Midfield,33,€700k,UD Las Palmas,['Italy'],https://www.transfermarkt.com/alberto-aquilani/profil/spieler/5957,0.7,2017/18
Fabio González,Central Midfield,21,€200k,UD Las Palmas,['Spain'],https://www.transfermarkt.com/fabio-gonzalez/profil/spieler/531062,0.2,2017/18
Jonathan Viera,Attacking Midfield,28,€8.00m,UD Las Palmas,['Spain'],https://www.transfermarkt.com/jonathan-viera/profil/spieler/153238,8.0,2017/18
Alen Halilovic,Attacking Midfield,22,€2.50m,UD Las Palmas,['Croatia'],https://www.transfermarkt.com/alen-halilovic/profil/spieler/226074,2.5,2017/18
Tana,Attacking Midfield,27,€2.50m,UD Las Palmas,['Spain'],https://www.transfermarkt.com/tana/profil/spieler/223068,2.5,2017/18
Oussama Tannane,Attacking Midfield,24,€1.50m,UD Las Palmas,"['Morocco', 'Netherlands']",https://www.transfermarkt.com/oussama-tannane/profil/spieler/235540,1.5,2017/18
Borja Herrera,Attacking Midfield,25,€300k,UD Las Palmas,['Spain'],https://www.transfermarkt.com/borja-herrera/profil/spieler/311277,0.3,2017/18
Vitolo,Left Winger,28,€25.00m,UD Las Palmas,['Spain'],https://www.transfermarkt.com/vitolo/profil/spieler/67082,25.0,2017/18
Hernán Toledo,Left Winger,22,€1.00m,UD Las Palmas,['Argentina'],https://www.transfermarkt.com/hernan-toledo/profil/spieler/397896,1.0,2017/18
Nacho Gil,Left Winger,22,€800k,UD Las Palmas,['Spain'],https://www.transfermarkt.com/nacho-gil/profil/spieler/336731,0.8,2017/18
Benito Ramírez,Left Winger,22,€300k,UD Las Palmas,['Spain'],https://www.transfermarkt.com/benito-ramirez/profil/spieler/282672,0.3,2017/18
Momo,Left Winger,35,€100k,UD Las Palmas,['Spain'],https://www.transfermarkt.com/momo/profil/spieler/25319,0.1,2017/18
Jairo Samperio,Right Winger,24,€1.50m,UD Las Palmas,['Spain'],https://www.transfermarkt.com/jairo-samperio/profil/spieler/171167,1.5,2017/18
Loïc Rémy,Centre-Forward,31,€6.00m,UD Las Palmas,"['France', 'Martinique']",https://www.transfermarkt.com/loic-remy/profil/spieler/45121,6.0,2017/18
Jonathan Calleri,Centre-Forward,24,€6.00m,UD Las Palmas,"['Argentina', 'Italy']",https://www.transfermarkt.com/jonathan-calleri/profil/spieler/284727,6.0,2017/18
Sergio Araujo,Centre-Forward,26,€4.00m,UD Las Palmas,['Argentina'],https://www.transfermarkt.com/sergio-araujo/profil/spieler/110366,4.0,2017/18
Emmanuel Emenike,Centre-Forward,31,€1.00m,UD Las Palmas,['Nigeria'],https://www.transfermarkt.com/emmanuel-emenike/profil/spieler/120630,1.0,2017/18
Imoh Ezekiel,Centre-Forward,24,€1.00m,UD Las Palmas,['Nigeria'],https://www.transfermarkt.com/imoh-ezekiel/profil/spieler/216463,1.0,2017/18
Erik Expósito,Centre-Forward,22,€300k,UD Las Palmas,['Spain'],https://www.transfermarkt.com/erik-exposito/profil/spieler/483461,0.3,2017/18
Bono,Goalkeeper,27,€3.00m,Girona FC,"['Morocco', 'Canada']",https://www.transfermarkt.com/bono/profil/spieler/207834,3.0,2017/18
Gorka Iraizoz,Goalkeeper,37,€200k,Girona FC,['Spain'],https://www.transfermarkt.com/gorka-iraizoz/profil/spieler/7874,0.2,2017/18
Marcel Lizak,Goalkeeper,21,-,Girona FC,['Poland'],https://www.transfermarkt.com/marcel-lizak/profil/spieler/569979,0.0,2017/18
Bernardo Espinosa,Centre-Back,28,€7.00m,Girona FC,"['Colombia', 'Spain']",https://www.transfermarkt.com/bernardo-espinosa/profil/spieler/64598,7.0,2017/18
Juanpe,Centre-Back,27,€5.00m,Girona FC,['Spain'],https://www.transfermarkt.com/juanpe/profil/spieler/115333,5.0,2017/18
Jonás Ramalho,Centre-Back,25,€4.00m,Girona FC,"['Spain', 'Angola']",https://www.transfermarkt.com/jonas-ramalho/profil/spieler/69660,4.0,2017/18
Marc Muniesa,Centre-Back,26,€2.50m,Girona FC,['Spain'],https://www.transfermarkt.com/marc-muniesa/profil/spieler/74228,2.5,2017/18
Pedro Alcalá,Centre-Back,29,€800k,Girona FC,['Spain'],https://www.transfermarkt.com/pedro-alcala/profil/spieler/51663,0.8,2017/18
Bambo Diaby,Centre-Back,20,€300k,Girona FC,"['Spain', 'Senegal']",https://www.transfermarkt.com/bambo-diaby/profil/spieler/435493,0.3,2017/18
Johan Mojica,Left-Back,25,€4.00m,Girona FC,"['Colombia', 'Spain']",https://www.transfermarkt.com/johan-mojica/profil/spieler/262939,4.0,2017/18
Aday Benítez,Left-Back,30,€2.00m,Girona FC,['Spain'],https://www.transfermarkt.com/aday-benitez/profil/spieler/132921,2.0,2017/18
Carles Planas,Left-Back,27,€800k,Girona FC,['Spain'],https://www.transfermarkt.com/carles-planas/profil/spieler/66099,0.8,2017/18
Pablo Maffeo,Right-Back,20,€10.00m,Girona FC,"['Argentina', 'Spain']",https://www.transfermarkt.com/pablo-maffeo/profil/spieler/251876,10.0,2017/18
Maximiliano Villa,Right-Back,21,€250k,Girona FC,"['Uruguay', 'Italy']",https://www.transfermarkt.com/maximiliano-villa/profil/spieler/521234,0.25,2017/18
Pedro Porro,Right-Back,18,-,Girona FC,['Spain'],https://www.transfermarkt.com/pedro-porro/profil/spieler/553875,0.0,2017/18
Álex Granell,Defensive Midfield,29,€5.00m,Girona FC,['Spain'],https://www.transfermarkt.com/alex-granell/profil/spieler/255284,5.0,2017/18
David Timor,Defensive Midfield,28,€2.00m,Girona FC,['Spain'],https://www.transfermarkt.com/david-timor/profil/spieler/158795,2.0,2017/18
Pere Pons,Central Midfield,25,€5.00m,Girona FC,['Spain'],https://www.transfermarkt.com/pere-pons/profil/spieler/242497,5.0,2017/18
Douglas Luiz,Central Midfield,20,€1.50m,Girona FC,['Brazil'],https://www.transfermarkt.com/douglas-luiz/profil/spieler/447661,1.5,2017/18
Aleix García,Central Midfield,21,€1.00m,Girona FC,['Spain'],https://www.transfermarkt.com/aleix-garcia/profil/spieler/261504,1.0,2017/18
Borja García,Attacking Midfield,27,€3.50m,Girona FC,['Spain'],https://www.transfermarkt.com/borja-garcia/profil/spieler/67808,3.5,2017/18
Farid Boulaya,Attacking Midfield,25,€400k,Girona FC,"['Algeria', 'France']",https://www.transfermarkt.com/farid-boulaya/profil/spieler/202318,0.4,2017/18
Eloi Amagat,Attacking Midfield,33,€200k,Girona FC,['Spain'],https://www.transfermarkt.com/eloi-amagat/profil/spieler/73222,0.2,2017/18
Marlos Moreno,Left Winger,21,€500k,Girona FC,['Colombia'],https://www.transfermarkt.com/marlos-moreno/profil/spieler/345654,0.5,2017/18
Portu,Right Winger,26,€10.00m,Girona FC,['Spain'],https://www.transfermarkt.com/portu/profil/spieler/99353,10.0,2017/18
Cristhian Stuani,Centre-Forward,31,€7.50m,Girona FC,"['Uruguay', 'Italy']",https://www.transfermarkt.com/cristhian-stuani/profil/spieler/59323,7.5,2017/18
Olarenwaju Kayode,Centre-Forward,25,€3.00m,Girona FC,['Nigeria'],https://www.transfermarkt.com/olarenwaju-kayode/profil/spieler/131694,3.0,2017/18
Choco Lozano,Centre-Forward,25,€1.50m,Girona FC,"['Honduras', 'Spain']",https://www.transfermarkt.com/choco-lozano/profil/spieler/131275,1.5,2017/18
Michael Olunga,Centre-Forward,24,€500k,Girona FC,['Kenya'],https://www.transfermarkt.com/michael-olunga/profil/spieler/263482,0.5,2017/18
Kévin Soni,Centre-Forward,20,€300k,Girona FC,['Cameroon'],https://www.transfermarkt.com/kevin-soni/profil/spieler/353959,0.3,2017/18
Fernando Pacheco,Goalkeeper,26,€9.00m,Deportivo Alavés,['Spain'],https://www.transfermarkt.com/fernando-pacheco/profil/spieler/172015,9.0,2017/18
Antonio Sivera,Goalkeeper,21,€1.00m,Deportivo Alavés,['Spain'],https://www.transfermarkt.com/antonio-sivera/profil/spieler/298197,1.0,2017/18
Joritz Landeta,Goalkeeper,22,-,Deportivo Alavés,['Spain'],https://www.transfermarkt.com/joritz-landeta/profil/spieler/454187,0.0,2017/18
Aritz Castro,Goalkeeper,20,-,Deportivo Alavés,['Spain'],https://www.transfermarkt.com/aritz-castro/profil/spieler/582718,0.0,2017/18
Rodrigo Ely,Centre-Back,24,€6.00m,Deportivo Alavés,"['Brazil', 'Italy']",https://www.transfermarkt.com/rodrigo-ely/profil/spieler/176140,6.0,2017/18
Víctor Laguardia,Centre-Back,28,€1.80m,Deportivo Alavés,['Spain'],https://www.transfermarkt.com/victor-laguardia/profil/spieler/67080,1.8,2017/18
Alexis Ruano,Centre-Back,32,€1.50m,Deportivo Alavés,['Spain'],https://www.transfermarkt.com/alexis-ruano/profil/spieler/7781,1.5,2017/18
Guillermo Maripán,Centre-Back,24,€1.50m,Deportivo Alavés,['Chile'],https://www.transfermarkt.com/guillermo-maripan/profil/spieler/249730,1.5,2017/18
Carlos Vigaray,Centre-Back,23,€800k,Deportivo Alavés,['Spain'],https://www.transfermarkt.com/carlos-vigaray/profil/spieler/263627,0.8,2017/18
Adrián Diéguez,Centre-Back,22,€400k,Deportivo Alavés,['Spain'],https://www.transfermarkt.com/adrian-dieguez/profil/spieler/355335,0.4,2017/18
Einar Galilea,Centre-Back,24,€150k,Deportivo Alavés,['Spain'],https://www.transfermarkt.com/einar-galilea/profil/spieler/251046,0.15,2017/18
Alfonso Pedraza,Left-Back,22,€5.00m,Deportivo Alavés,['Spain'],https://www.transfermarkt.com/alfonso-pedraza/profil/spieler/356197,5.0,2017/18
Rubén Duarte,Left-Back,22,€2.00m,Deportivo Alavés,['Spain'],https://www.transfermarkt.com/ruben-duarte/profil/spieler/177046,2.0,2017/18
Héctor Hernández,Left-Back,27,€300k,Deportivo Alavés,['Spain'],https://www.transfermarkt.com/hector-hernandez/profil/spieler/221986,0.3,2017/18
Martín Aguirregabiria,Right-Back,22,€1.50m,Deportivo Alavés,['Spain'],https://www.transfermarkt.com/martin-aguirregabiria/profil/spieler/483573,1.5,2017/18
Víctor López,Right-Back,21,-,Deportivo Alavés,['Spain'],https://www.transfermarkt.com/victor-lopez/profil/spieler/510971,0.0,2017/18
Dani Torres,Defensive Midfield,28,€1.50m,Deportivo Alavés,"['Colombia', 'Spain']",https://www.transfermarkt.com/dani-torres/profil/spieler/93142,1.5,2017/18
Tomás Pina,Central Midfield,30,€1.80m,Deportivo Alavés,['Spain'],https://www.transfermarkt.com/tomas-pina/profil/spieler/139895,1.8,2017/18
Manu García,Central Midfield,32,€1.80m,Deportivo Alavés,['Spain'],https://www.transfermarkt.com/manu-garcia/profil/spieler/76273,1.8,2017/18
Álvaro Medrán,Central Midfield,24,€1.80m,Deportivo Alavés,['Spain'],https://www.transfermarkt.com/alvaro-medran/profil/spieler/253839,1.8,2017/18
Mubarak Wakaso,Central Midfield,27,€1.20m,Deportivo Alavés,['Ghana'],https://www.transfermarkt.com/mubarak-wakaso/profil/spieler/45639,1.2,2017/18
Óscar Romero,Attacking Midfield,25,€4.00m,Deportivo Alavés,['Paraguay'],https://www.transfermarkt.com/oscar-romero/profil/spieler/217886,4.0,2017/18
Enzo Zidane,Attacking Midfield,23,€1.50m,Deportivo Alavés,"['France', 'Spain']",https://www.transfermarkt.com/enzo-zidane/profil/spieler/106825,1.5,2017/18
Aleksandar Katai,Attacking Midfield,27,€1.25m,Deportivo Alavés,['Serbia'],https://www.transfermarkt.com/aleksandar-katai/profil/spieler/139915,1.25,2017/18
Ibai Gómez,Left Winger,28,€3.50m,Deportivo Alavés,['Spain'],https://www.transfermarkt.com/ibai-gomez/profil/spieler/127837,3.5,2017/18
Burgui,Left Winger,24,€1.80m,Deportivo Alavés,['Spain'],https://www.transfermarkt.com/burgui/profil/spieler/246277,1.8,2017/18
Munir El Haddadi,Right Winger,22,€12.00m,Deportivo Alavés,"['Morocco', 'Spain']",https://www.transfermarkt.com/munir-el-haddadi/profil/spieler/223725,12.0,2017/18
Hernán Pérez,Right Winger,29,€1.20m,Deportivo Alavés,"['Paraguay', 'Spain']",https://www.transfermarkt.com/hernan-perez/profil/spieler/73636,1.2,2017/18
Bojan Krkic,Second Striker,27,€1.50m,Deportivo Alavés,"['Spain', 'Serbia']",https://www.transfermarkt.com/bojan-krkic/profil/spieler/44675,1.5,2017/18
John Guidetti,Centre-Forward,26,€5.00m,Deportivo Alavés,['Sweden'],https://www.transfermarkt.com/john-guidetti/profil/spieler/98596,5.0,2017/18
Rubén Sobrino,Centre-Forward,26,€2.00m,Deportivo Alavés,['Spain'],https://www.transfermarkt.com/ruben-sobrino/profil/spieler/85383,2.0,2017/18
Christian Santos,Centre-Forward,30,€1.00m,Deportivo Alavés,"['Venezuela', 'Germany']",https://www.transfermarkt.com/christian-santos/profil/spieler/50487,1.0,2017/18
Ermedin Demirovic,Centre-Forward,20,€1.00m,Deportivo Alavés,['Bosnia-Herzegovina'],https://www.transfermarkt.com/ermedin-demirovic/profil/spieler/335457,1.0,2017/18
Costel Pantilimon,Goalkeeper,31,€1.50m,Deportivo de La Coruña,['Romania'],https://www.transfermarkt.com/costel-pantilimon/profil/spieler/47659,1.5,2017/18
Maksym Koval,Goalkeeper,25,€1.00m,Deportivo de La Coruña,['Ukraine'],https://www.transfermarkt.com/maksym-koval/profil/spieler/120211,1.0,2017/18
Rubén Martínez,Goalkeeper,34,€800k,Deportivo de La Coruña,['Spain'],https://www.transfermarkt.com/ruben-martinez/profil/spieler/8184,0.8,2017/18
Przemyslaw Tyton,Goalkeeper,31,€600k,Deportivo de La Coruña,['Poland'],https://www.transfermarkt.com/przemyslaw-tyton/profil/spieler/33210,0.6,2017/18
Francis Uzoho,Goalkeeper,19,€300k,Deportivo de La Coruña,['Nigeria'],https://www.transfermarkt.com/francis-uzoho/profil/spieler/295360,0.3,2017/18
Sidnei,Centre-Back,28,€4.00m,Deportivo de La Coruña,"['Brazil', 'Spain']",https://www.transfermarkt.com/sidnei/profil/spieler/27374,4.0,2017/18
Fabian Schär,Centre-Back,26,€3.00m,Deportivo de La Coruña,['Switzerland'],https://www.transfermarkt.com/fabian-schar/profil/spieler/135343,3.0,2017/18
Alejandro Arribas,Centre-Back,29,€2.00m,Deportivo de La Coruña,['Spain'],https://www.transfermarkt.com/alejandro-arribas/profil/spieler/137174,2.0,2017/18
Raúl Albentosa,Centre-Back,29,€1.50m,Deportivo de La Coruña,['Spain'],https://www.transfermarkt.com/raul-albentosa/profil/spieler/77026,1.5,2017/18
Aldo One,Centre-Back,23,€200k,Deportivo de La Coruña,"['Cameroon', 'Spain']",https://www.transfermarkt.com/aldo-one/profil/spieler/254476,0.2,2017/18
Quique Fornos,Centre-Back,21,€150k,Deportivo de La Coruña,['Spain'],https://www.transfermarkt.com/quique-fornos/profil/spieler/291039,0.15,2017/18
Mujaid Sadick,Centre-Back,18,-,Deportivo de La Coruña,"['Spain', 'Nigeria']",https://www.transfermarkt.com/mujaid-sadick/profil/spieler/497663,0.0,2017/18
Luisinho,Left-Back,33,€1.20m,Deportivo de La Coruña,['Portugal'],https://www.transfermarkt.com/luisinho/profil/spieler/56777,1.2,2017/18
Saúl García,Left-Back,23,€600k,Deportivo de La Coruña,['Spain'],https://www.transfermarkt.com/saul-garcia/profil/spieler/249471,0.6,2017/18
Fernando Navarro,Left-Back,36,€100k,Deportivo de La Coruña,['Spain'],https://www.transfermarkt.com/fernando-navarro/profil/spieler/7593,0.1,2017/18
Juanfran Moreno,Right-Back,29,€4.00m,Deportivo de La Coruña,['Spain'],https://www.transfermarkt.com/juanfran-moreno/profil/spieler/64411,4.0,2017/18
Eneko Bóveda,Right-Back,29,€1.50m,Deportivo de La Coruña,['Spain'],https://www.transfermarkt.com/eneko-boveda/profil/spieler/89313,1.5,2017/18
Blas Alonso,Right-Back,21,€300k,Deportivo de La Coruña,['Spain'],https://www.transfermarkt.com/blas-alonso/profil/spieler/510325,0.3,2017/18
Guilherme,Defensive Midfield,27,€3.50m,Deportivo de La Coruña,"['Brazil', 'Italy']",https://www.transfermarkt.com/guilherme/profil/spieler/115382,3.5,2017/18
Federico Valverde,Central Midfield,19,€6.00m,Deportivo de La Coruña,"['Uruguay', 'Spain']",https://www.transfermarkt.com/federico-valverde/profil/spieler/369081,6.0,2017/18
Celso Borges,Central Midfield,30,€4.00m,Deportivo de La Coruña,"['Costa Rica', 'Brazil']",https://www.transfermarkt.com/celso-borges/profil/spieler/81532,4.0,2017/18
Pedro Mosquera,Central Midfield,30,€2.00m,Deportivo de La Coruña,['Spain'],https://www.transfermarkt.com/pedro-mosquera/profil/spieler/44069,2.0,2017/18
Michael Krohn-Dehli,Central Midfield,35,€800k,Deportivo de La Coruña,['Denmark'],https://www.transfermarkt.com/michael-krohn-dehli/profil/spieler/18006,0.8,2017/18
Edu Expósito,Central Midfield,21,€300k,Deportivo de La Coruña,['Spain'],https://www.transfermarkt.com/edu-exposito/profil/spieler/506248,0.3,2017/18
Sulley Muntari,Central Midfield,33,€300k,Deportivo de La Coruña,['Ghana'],https://www.transfermarkt.com/sulley-muntari/profil/spieler/17129,0.3,2017/18
Emre Çolak,Attacking Midfield,27,€2.00m,Deportivo de La Coruña,['Türkiye'],https://www.transfermarkt.com/emre-colak/profil/spieler/77707,2.0,2017/18
Carles Gil,Attacking Midfield,25,€1.00m,Deportivo de La Coruña,['Spain'],https://www.transfermarkt.com/carles-gil/profil/spieler/127987,1.0,2017/18
Zakaria Bakkali,Left Winger,22,€1.50m,Deportivo de La Coruña,"['Belgium', 'Morocco']",https://www.transfermarkt.com/zakaria-bakkali/profil/spieler/203378,1.5,2017/18
Bruno Gama,Left Winger,30,€800k,Deportivo de La Coruña,['Portugal'],https://www.transfermarkt.com/bruno-gama/profil/spieler/15568,0.8,2017/18
Óscar Pinchi,Left Winger,22,€300k,Deportivo de La Coruña,['Spain'],https://www.transfermarkt.com/oscar-pinchi/profil/spieler/413502,0.3,2017/18
Fede Cartabia,Right Winger,25,€2.00m,Deportivo de La Coruña,"['Argentina', 'United Arab Emirates']",https://www.transfermarkt.com/fede-cartabia/profil/spieler/242548,2.0,2017/18
Gerard Valentín,Right Winger,24,€500k,Deportivo de La Coruña,['Spain'],https://www.transfermarkt.com/gerard-valentin/profil/spieler/278651,0.5,2017/18
Lucas Pérez,Centre-Forward,29,€7.50m,Deportivo de La Coruña,['Spain'],https://www.transfermarkt.com/lucas-perez/profil/spieler/73185,7.5,2017/18
Florin Andone,Centre-Forward,25,€6.00m,Deportivo de La Coruña,"['Romania', 'Spain']",https://www.transfermarkt.com/florin-andone/profil/spieler/177065,6.0,2017/18
Adrián López,Centre-Forward,30,€4.00m,Deportivo de La Coruña,['Spain'],https://www.transfermarkt.com/adrian-lopez/profil/spieler/45383,4.0,2017/18
Borja Valle,Centre-Forward,25,€1.20m,Deportivo de La Coruña,['Spain'],https://www.transfermarkt.com/borja-valle/profil/spieler/176067,1.2,2017/18
Vicente Guaita,Goalkeeper,31,€5.00m,Getafe CF,['Spain'],https://www.transfermarkt.com/vicente-guaita/profil/spieler/64399,5.0,2017/18
Emiliano Martínez,Goalkeeper,25,€1.00m,Getafe CF,"['Argentina', 'Spain']",https://www.transfermarkt.com/emiliano-martinez/profil/spieler/111873,1.0,2017/18
Filip Manojlovic,Goalkeeper,22,€800k,Getafe CF,['Serbia'],https://www.transfermarkt.com/filip-manojlovic/profil/spieler/333323,0.8,2017/18
Djené,Centre-Back,26,€15.00m,Getafe CF,['Togo'],https://www.transfermarkt.com/djene/profil/spieler/221150,15.0,2017/18
Juan Cala,Centre-Back,28,€1.70m,Getafe CF,['Spain'],https://www.transfermarkt.com/juan-cala/profil/spieler/67089,1.7,2017/18
Bruno González,Centre-Back,28,€1.00m,Getafe CF,['Spain'],https://www.transfermarkt.com/bruno-gonzalez/profil/spieler/188838,1.0,2017/18
Leandro Cabrera,Centre-Back,27,€600k,Getafe CF,"['Uruguay', 'Spain']",https://www.transfermarkt.com/leandro-cabrera/profil/spieler/102423,0.6,2017/18
Nicolas Gorosito,Centre-Back,29,€600k,Getafe CF,"['Argentina', 'Slovakia']",https://www.transfermarkt.com/nicolas-gorosito/profil/spieler/125281,0.6,2017/18
Alberto Redondo,Centre-Back,21,-,Getafe CF,['Spain'],https://www.transfermarkt.com/alberto-redondo/profil/spieler/411177,0.0,2017/18
Miguel Rubio,Centre-Back,20,-,Getafe CF,['Spain'],https://www.transfermarkt.com/miguel-rubio/profil/spieler/583510,0.0,2017/18
David Alba,Centre-Back,19,-,Getafe CF,['Spain'],https://www.transfermarkt.com/david-alba/profil/spieler/583508,0.0,2017/18
Antunes,Left-Back,31,€3.50m,Getafe CF,['Portugal'],https://www.transfermarkt.com/antunes/profil/spieler/44699,3.5,2017/18
Mathías Olivera,Left-Back,20,€800k,Getafe CF,"['Uruguay', 'Spain']",https://www.transfermarkt.com/mathias-olivera/profil/spieler/376514,0.8,2017/18
Damián Suárez,Right-Back,30,€2.50m,Getafe CF,"['Uruguay', 'Spain']",https://www.transfermarkt.com/damian-suarez/profil/spieler/76746,2.5,2017/18
Francisco Molinero,Right-Back,32,€600k,Getafe CF,['Spain'],https://www.transfermarkt.com/francisco-molinero/profil/spieler/27487,0.6,2017/18
Markel Bergara,Defensive Midfield,32,€1.50m,Getafe CF,['Spain'],https://www.transfermarkt.com/markel-bergara/profil/spieler/51426,1.5,2017/18
Mehdi Lacen,Defensive Midfield,34,€800k,Getafe CF,"['Algeria', 'France']",https://www.transfermarkt.com/mehdi-lacen/profil/spieler/35539,0.8,2017/18
Dani Pacheco,Defensive Midfield,27,€800k,Getafe CF,['Spain'],https://www.transfermarkt.com/dani-pacheco/profil/spieler/28285,0.8,2017/18
Mathieu Flamini,Defensive Midfield,34,€600k,Getafe CF,['France'],https://www.transfermarkt.com/mathieu-flamini/profil/spieler/17396,0.6,2017/18
Mauro Arambarri,Central Midfield,22,€3.00m,Getafe CF,"['Uruguay', 'Spain']",https://www.transfermarkt.com/mauro-arambarri/profil/spieler/290249,3.0,2017/18
Fayçal Fajr,Central Midfield,29,€2.50m,Getafe CF,"['Morocco', 'France']",https://www.transfermarkt.com/faycal-fajr/profil/spieler/174344,2.5,2017/18
Gaku Shibasaki,Central Midfield,26,€1.80m,Getafe CF,['Japan'],https://www.transfermarkt.com/gaku-shibasaki/profil/spieler/129693,1.8,2017/18
Sergio Mora,Central Midfield,38,€100k,Getafe CF,['Spain'],https://www.transfermarkt.com/sergio-mora/profil/spieler/62611,0.1,2017/18
Gustavo Quezada,Central Midfield,21,-,Getafe CF,"['Ecuador', 'Spain']",https://www.transfermarkt.com/gustavo-quezada/profil/spieler/357540,0.0,2017/18
Diego Barri,Central Midfield,22,-,Getafe CF,['Spain'],https://www.transfermarkt.com/diego-barri/profil/spieler/541646,0.0,2017/18
Merveil Ndockyt,Attacking Midfield,19,€1.00m,Getafe CF,['Congo'],https://www.transfermarkt.com/merveil-ndockyt/profil/spieler/398886,1.0,2017/18
Jefferson Montero,Left Winger,28,€1.50m,Getafe CF,['Ecuador'],https://www.transfermarkt.com/jefferson-montero/profil/spieler/77932,1.5,2017/18
Amath Ndiaye,Right Winger,21,€5.00m,Getafe CF,"['Senegal', 'Spain']",https://www.transfermarkt.com/amath-ndiaye/profil/spieler/339820,5.0,2017/18
Francisco Portillo,Right Winger,28,€2.00m,Getafe CF,['Spain'],https://www.transfermarkt.com/francisco-portillo/profil/spieler/138803,2.0,2017/18
Álvaro Jiménez,Right Winger,23,€900k,Getafe CF,['Spain'],https://www.transfermarkt.com/alvaro-jimenez/profil/spieler/282406,0.9,2017/18
Carlos Calderón,Right Winger,23,-,Getafe CF,['Spain'],https://www.transfermarkt.com/carlos-calderon/profil/spieler/324475,0.0,2017/18
Loïc Rémy,Centre-Forward,31,€6.00m,Getafe CF,"['France', 'Martinique']",https://www.transfermarkt.com/loic-remy/profil/spieler/45121,6.0,2017/18
Ángel Rodríguez,Centre-Forward,31,€4.00m,Getafe CF,['Spain'],https://www.transfermarkt.com/angel-rodriguez/profil/spieler/51510,4.0,2017/18
Chuli,Centre-Forward,27,€500k,Getafe CF,['Spain'],https://www.transfermarkt.com/chuli/profil/spieler/129515,0.5,2017/18
Jorge Molina,Centre-Forward,36,€500k,Getafe CF,['Spain'],https://www.transfermarkt.com/jorge-molina/profil/spieler/57825,0.5,2017/18
Hugo Duro,Centre-Forward,18,-,Getafe CF,['Spain'],https://www.transfermarkt.com/hugo-duro/profil/spieler/573775,0.0,2017/18
Oier Olazábal,Goalkeeper,28,€1.50m,Levante UD,['Spain'],https://www.transfermarkt.com/oier-olazabal/profil/spieler/8176,1.5,2017/18
Raúl Fernández,Goalkeeper,30,€1.00m,Levante UD,['Spain'],https://www.transfermarkt.com/raul-fernandez/profil/spieler/54217,1.0,2017/18
Mitchell Langerak,Goalkeeper,29,€1.00m,Levante UD,['Australia'],https://www.transfermarkt.com/mitchell-langerak/profil/spieler/49347,1.0,2017/18
Iván Villar,Goalkeeper,20,€300k,Levante UD,['Spain'],https://www.transfermarkt.com/ivan-villar/profil/spieler/297194,0.3,2017/18
Koke Vegas,Goalkeeper,22,€100k,Levante UD,['Spain'],https://www.transfermarkt.com/koke-vegas/profil/spieler/299715,0.1,2017/18
Róber Pier,Centre-Back,23,€2.00m,Levante UD,['Spain'],https://www.transfermarkt.com/rober-pier/profil/spieler/387129,2.0,2017/18
Chema Rodríguez,Centre-Back,26,€2.00m,Levante UD,['Spain'],https://www.transfermarkt.com/chema-rodriguez/profil/spieler/248330,2.0,2017/18
Sergio Postigo,Centre-Back,29,€2.00m,Levante UD,['Spain'],https://www.transfermarkt.com/sergio-postigo/profil/spieler/158791,2.0,2017/18
Erick Cabaco,Centre-Back,23,€1.50m,Levante UD,"['Uruguay', 'Italy']",https://www.transfermarkt.com/erick-cabaco/profil/spieler/302991,1.5,2017/18
Antonio Luna,Left-Back,27,€2.00m,Levante UD,['Spain'],https://www.transfermarkt.com/antonio-luna/profil/spieler/126516,2.0,2017/18
Toño García,Left-Back,28,€1.50m,Levante UD,['Spain'],https://www.transfermarkt.com/tono-garcia/profil/spieler/125931,1.5,2017/18
Aly Abeid,Left-Back,20,€100k,Levante UD,['Mauritania'],https://www.transfermarkt.com/aly-abeid/profil/spieler/393436,0.1,2017/18
Coke,Right-Back,31,€2.00m,Levante UD,['Spain'],https://www.transfermarkt.com/coke/profil/spieler/71905,2.0,2017/18
Iván López,Right-Back,24,€600k,Levante UD,['Spain'],https://www.transfermarkt.com/ivan-lopez/profil/spieler/203778,0.6,2017/18
Shaq Moore,Right-Back,21,€500k,Levante UD,"['United States', 'Trinidad and Tobago']",https://www.transfermarkt.com/shaq-moore/profil/spieler/336168,0.5,2017/18
Pedro López,Right-Back,34,€300k,Levante UD,['Spain'],https://www.transfermarkt.com/pedro-lopez/profil/spieler/25412,0.3,2017/18
Jefferson Lerma,Defensive Midfield,23,€2.00m,Levante UD,['Colombia'],https://www.transfermarkt.com/jefferson-lerma/profil/spieler/262980,2.0,2017/18
Cheick Doukouré,Defensive Midfield,25,€1.50m,Levante UD,"[""Cote d'Ivoire"", 'France']",https://www.transfermarkt.com/cheick-doukoure/profil/spieler/129679,1.5,2017/18
Saša Lukić,Defensive Midfield,21,€1.50m,Levante UD,['Serbia'],https://www.transfermarkt.com/sasa-lukic/profil/spieler/245056,1.5,2017/18
Moctar El Hacen,Defensive Midfield,20,€150k,Levante UD,['Mauritania'],https://www.transfermarkt.com/moctar-el-hacen/profil/spieler/321629,0.15,2017/18
José Campaña,Central Midfield,25,€5.00m,Levante UD,['Spain'],https://www.transfermarkt.com/jose-campana/profil/spieler/120095,5.0,2017/18
Verza,Central Midfield,31,€600k,Levante UD,['Spain'],https://www.transfermarkt.com/verza/profil/spieler/26199,0.6,2017/18
Youssouf Yalike,Central Midfield,19,-,Levante UD,"[""Cote d'Ivoire""]",https://www.transfermarkt.com/youssouf-yalike/profil/spieler/553874,0.0,2017/18
Enis Bardhi,Attacking Midfield,22,€6.00m,Levante UD,['North Macedonia'],https://www.transfermarkt.com/enis-bardhi/profil/spieler/245014,6.0,2017/18
Ivi López,Attacking Midfield,24,€2.00m,Levante UD,['Spain'],https://www.transfermarkt.com/ivi-lopez/profil/spieler/282371,2.0,2017/18
Rubén Rochina,Right Winger,27,€1.50m,Levante UD,['Spain'],https://www.transfermarkt.com/ruben-rochina/profil/spieler/67548,1.5,2017/18
Jason,Right Winger,23,€1.20m,Levante UD,['Spain'],https://www.transfermarkt.com/jason/profil/spieler/263860,1.2,2017/18
Samu García,Right Winger,27,€1.00m,Levante UD,['Spain'],https://www.transfermarkt.com/samu-garcia/profil/spieler/208890,1.0,2017/18
Fahad Al-Muwallad,Right Winger,23,€1.00m,Levante UD,['Saudi Arabia'],https://www.transfermarkt.com/fahad-al-muwallad/profil/spieler/193153,1.0,2017/18
Enes Ünal,Centre-Forward,21,€8.00m,Levante UD,['Türkiye'],https://www.transfermarkt.com/enes-unal/profil/spieler/251106,8.0,2017/18
José Luis Morales,Centre-Forward,30,€5.00m,Levante UD,['Spain'],https://www.transfermarkt.com/jose-luis-morales/profil/spieler/252677,5.0,2017/18
Roger Martí,Centre-Forward,27,€2.00m,Levante UD,['Spain'],https://www.transfermarkt.com/roger-marti/profil/spieler/212391,2.0,2017/18
Emmanuel Boateng,Centre-Forward,22,€2.00m,Levante UD,['Ghana'],https://www.transfermarkt.com/emmanuel-boateng/profil/spieler/332612,2.0,2017/18
Armando Sadiku,Centre-Forward,27,€800k,Levante UD,"['Albania', 'Bulgaria']",https://www.transfermarkt.com/armando-sadiku/profil/spieler/140082,0.8,2017/18
Giampaolo Pazzini,Centre-Forward,33,€800k,Levante UD,['Italy'],https://www.transfermarkt.com/giampaolo-pazzini/profil/spieler/19447,0.8,2017/18
Álex Alegría,Centre-Forward,25,€800k,Levante UD,['Spain'],https://www.transfermarkt.com/alex-alegria/profil/spieler/178187,0.8,2017/18
Nano Mesa,Centre-Forward,23,€600k,Levante UD,['Spain'],https://www.transfermarkt.com/nano-mesa/profil/spieler/305956,0.6,2017/18
Marko Dmitrovic,Goalkeeper,26,€4.00m,SD Eibar,['Serbia'],https://www.transfermarkt.com/marko-dmitrovic/profil/spieler/94308,4.0,2017/18
Yoel Rodríguez,Goalkeeper,29,€1.50m,SD Eibar,['Spain'],https://www.transfermarkt.com/yoel-rodriguez/profil/spieler/58115,1.5,2017/18
Asier Riesgo,Goalkeeper,34,€400k,SD Eibar,['Spain'],https://www.transfermarkt.com/asier-riesgo/profil/spieler/23338,0.4,2017/18
Markel Areitio,Goalkeeper,21,€200k,SD Eibar,['Spain'],https://www.transfermarkt.com/markel-areitio/profil/spieler/288371,0.2,2017/18
Vukasin Jovanovic,Centre-Back,22,€3.00m,SD Eibar,['Serbia'],https://www.transfermarkt.com/vukasin-jovanovic/profil/spieler/264140,3.0,2017/18
Paulo Oliveira,Centre-Back,26,€3.00m,SD Eibar,['Portugal'],https://www.transfermarkt.com/paulo-oliveira/profil/spieler/139336,3.0,2017/18
Anaitz Arbilla,Centre-Back,31,€2.00m,SD Eibar,['Spain'],https://www.transfermarkt.com/anaitz-arbilla/profil/spieler/71548,2.0,2017/18
Alejandro Gálvez,Centre-Back,29,€1.50m,SD Eibar,['Spain'],https://www.transfermarkt.com/alejandro-galvez/profil/spieler/128488,1.5,2017/18
David Lombán,Centre-Back,31,€1.20m,SD Eibar,['Spain'],https://www.transfermarkt.com/david-lomban/profil/spieler/63723,1.2,2017/18
Iván Ramis,Centre-Back,33,€500k,SD Eibar,['Spain'],https://www.transfermarkt.com/ivan-ramis/profil/spieler/26066,0.5,2017/18
Julen López,Centre-Back,22,€300k,SD Eibar,['Spain'],https://www.transfermarkt.com/julen-lopez/profil/spieler/354359,0.3,2017/18
Cote,Left-Back,28,€2.50m,SD Eibar,['Spain'],https://www.transfermarkt.com/cote/profil/spieler/87469,2.5,2017/18
David Juncà,Left-Back,24,€1.50m,SD Eibar,['Spain'],https://www.transfermarkt.com/david-junca/profil/spieler/164055,1.5,2017/18
Ander Capa,Right-Back,26,€3.00m,SD Eibar,['Spain'],https://www.transfermarkt.com/ander-capa/profil/spieler/197545,3.0,2017/18
Rubén Peña,Right-Back,26,€2.00m,SD Eibar,['Spain'],https://www.transfermarkt.com/ruben-pena/profil/spieler/238868,2.0,2017/18
Pape Diop,Defensive Midfield,32,€1.00m,SD Eibar,"['Senegal', 'France']",https://www.transfermarkt.com/pape-diop/profil/spieler/39907,1.0,2017/18
Dani García,Central Midfield,28,€4.00m,SD Eibar,['Spain'],https://www.transfermarkt.com/dani-garcia/profil/spieler/178425,4.0,2017/18
Joan Jordán,Central Midfield,23,€4.00m,SD Eibar,['Spain'],https://www.transfermarkt.com/joan-jordan/profil/spieler/263727,4.0,2017/18
Gonzalo Escalante,Central Midfield,25,€2.50m,SD Eibar,"['Argentina', 'Italy']",https://www.transfermarkt.com/gonzalo-escalante/profil/spieler/266795,2.5,2017/18
Fran Rico,Central Midfield,30,€800k,SD Eibar,['Spain'],https://www.transfermarkt.com/fran-rico/profil/spieler/63689,0.8,2017/18
Christian Rivera,Central Midfield,20,€700k,SD Eibar,['Spain'],https://www.transfermarkt.com/christian-rivera/profil/spieler/374077,0.7,2017/18
Imanol Sarriegi,Central Midfield,23,€300k,SD Eibar,['Spain'],https://www.transfermarkt.com/imanol-sarriegi/profil/spieler/289287,0.3,2017/18
Julen Azkue,Central Midfield,22,€250k,SD Eibar,['Spain'],https://www.transfermarkt.com/julen-azkue/profil/spieler/510990,0.25,2017/18
Takashi Inui,Left Winger,30,€5.00m,SD Eibar,['Japan'],https://www.transfermarkt.com/takashi-inui/profil/spieler/98249,5.0,2017/18
Bebé,Left Winger,27,€1.00m,SD Eibar,"['Cape Verde', 'Portugal']",https://www.transfermarkt.com/bebe/profil/spieler/153427,1.0,2017/18
Xesc Regis,Left Winger,21,€250k,SD Eibar,['Spain'],https://www.transfermarkt.com/xesc-regis/profil/spieler/391332,0.25,2017/18
Ángel López,Left Winger,21,€150k,SD Eibar,['Spain'],https://www.transfermarkt.com/angel-lopez/profil/spieler/457107,0.15,2017/18
Fabián Orellana,Right Winger,32,€2.00m,SD Eibar,"['Chile', 'Spain']",https://www.transfermarkt.com/fabian-orellana/profil/spieler/60890,2.0,2017/18
Iván Alejo,Right Winger,23,€2.00m,SD Eibar,['Spain'],https://www.transfermarkt.com/ivan-alejo/profil/spieler/281755,2.0,2017/18
Pedro León,Right Winger,31,€2.00m,SD Eibar,['Spain'],https://www.transfermarkt.com/pedro-leon/profil/spieler/51587,2.0,2017/18
Sergi Enrich,Centre-Forward,28,€3.00m,SD Eibar,['Spain'],https://www.transfermarkt.com/sergi-enrich/profil/spieler/81988,3.0,2017/18
Kike García,Centre-Forward,28,€3.00m,SD Eibar,['Spain'],https://www.transfermarkt.com/kike-garcia/profil/spieler/93936,3.0,2017/18
Charles,Centre-Forward,34,€1.50m,SD Eibar,"['Brazil', 'Portugal']",https://www.transfermarkt.com/charles/profil/spieler/154059,1.5,2017/18
Jon Ander Serantes,Goalkeeper,28,€800k,CD Leganés,['Spain'],https://www.transfermarkt.com/jon-ander-serantes/profil/spieler/71835,0.8,2017/18
Iván Cuéllar,Goalkeeper,34,€600k,CD Leganés,['Spain'],https://www.transfermarkt.com/ivan-cuellar/profil/spieler/27493,0.6,2017/18
Nereo Champagne,Goalkeeper,33,€300k,CD Leganés,"['Argentina', 'Italy']",https://www.transfermarkt.com/nereo-champagne/profil/spieler/19958,0.3,2017/18
Dimitrios Siovas,Centre-Back,29,€3.00m,CD Leganés,['Greece'],https://www.transfermarkt.com/dimitrios-siovas/profil/spieler/52403,3.0,2017/18
Unai Bustinza,Centre-Back,26,€1.80m,CD Leganés,['Spain'],https://www.transfermarkt.com/unai-bustinza/profil/spieler/156808,1.8,2017/18
Ezequiel Muñoz,Centre-Back,27,€1.50m,CD Leganés,"['Argentina', 'Italy']",https://www.transfermarkt.com/ezequiel-munoz/profil/spieler/75127,1.5,2017/18
Mauro dos Santos,Centre-Back,28,€1.20m,CD Leganés,"['Argentina', 'Spain']",https://www.transfermarkt.com/mauro-dos-santos/profil/spieler/55240,1.2,2017/18
Martín Mantovani,Centre-Back,33,€500k,CD Leganés,"['Argentina', 'Italy']",https://www.transfermarkt.com/martin-mantovani/profil/spieler/73180,0.5,2017/18
Diego Rico,Left-Back,25,€2.50m,CD Leganés,['Spain'],https://www.transfermarkt.com/diego-rico/profil/spieler/249513,2.5,2017/18
Raúl Carnero,Left-Back,29,€900k,CD Leganés,['Spain'],https://www.transfermarkt.com/raul-carnero/profil/spieler/139434,0.9,2017/18
Joseba Zaldua,Right-Back,26,€4.00m,CD Leganés,['Spain'],https://www.transfermarkt.com/joseba-zaldua/profil/spieler/197135,4.0,2017/18
Tito,Right-Back,32,€800k,CD Leganés,['Spain'],https://www.transfermarkt.com/tito/profil/spieler/128295,0.8,2017/18
Dani Gallardo,Right-Back,22,-,CD Leganés,['Spain'],https://www.transfermarkt.com/dani-gallardo/profil/spieler/511023,0.0,2017/18
Gabriel Pires,Defensive Midfield,24,€10.00m,CD Leganés,"['Brazil', 'Portugal']",https://www.transfermarkt.com/gabriel-pires/profil/spieler/167291,10.0,2017/18
Rubén Pérez,Defensive Midfield,29,€7.50m,CD Leganés,['Spain'],https://www.transfermarkt.com/ruben-perez/profil/spieler/113045,7.5,2017/18
Gerard Gumbau,Defensive Midfield,23,€1.50m,CD Leganés,['Spain'],https://www.transfermarkt.com/gerard-gumbau/profil/spieler/268670,1.5,2017/18
Jaime Sierra,Defensive Midfield,20,-,CD Leganés,['Spain'],https://www.transfermarkt.com/jaime-sierra/profil/spieler/398159,0.0,2017/18
Javi Eraso,Central Midfield,28,€3.00m,CD Leganés,['Spain'],https://www.transfermarkt.com/javi-eraso/profil/spieler/156814,3.0,2017/18
Darko Brasanac,Central Midfield,26,€2.00m,CD Leganés,['Serbia'],https://www.transfermarkt.com/darko-brasanac/profil/spieler/95641,2.0,2017/18
Erik Morán,Central Midfield,27,€900k,CD Leganés,['Spain'],https://www.transfermarkt.com/erik-moran/profil/spieler/67542,0.9,2017/18
Álex Mozo,Central Midfield,23,-,CD Leganés,['Spain'],https://www.transfermarkt.com/alex-mozo/profil/spieler/482179,0.0,2017/18
Yahya Al-Shehri,Attacking Midfield,28,€800k,CD Leganés,['Saudi Arabia'],https://www.transfermarkt.com/yahya-al-shehri/profil/spieler/150788,0.8,2017/18
Alexander Szymanowski,Left Winger,29,€2.00m,CD Leganés,"['Argentina', 'Spain']",https://www.transfermarkt.com/alexander-szymanowski/profil/spieler/217728,2.0,2017/18
José Naranjo,Left Winger,23,€1.50m,CD Leganés,['Spain'],https://www.transfermarkt.com/jose-naranjo/profil/spieler/272679,1.5,2017/18
Omar Ramos,Left Winger,30,€1.20m,CD Leganés,['Spain'],https://www.transfermarkt.com/omar-ramos/profil/spieler/58112,1.2,2017/18
Nordin Amrabat,Right Winger,31,€3.00m,CD Leganés,"['Morocco', 'Netherlands']",https://www.transfermarkt.com/nordin-amrabat/profil/spieler/55619,3.0,2017/18
Nabil El Zhar,Right Winger,31,€2.00m,CD Leganés,"['Morocco', 'France']",https://www.transfermarkt.com/nabil-el-zhar/profil/spieler/37917,2.0,2017/18
Sergio Arribas,Right Winger,22,-,CD Leganés,['Spain'],https://www.transfermarkt.com/sergio-arribas/profil/spieler/477238,0.0,2017/18
William de Camargo,Right Winger,19,-,CD Leganés,"['Brazil', 'Spain']",https://www.transfermarkt.com/william-de-camargo/profil/spieler/583607,0.0,2017/18
Miguel Ángel Guerrero,Second Striker,27,€1.80m,CD Leganés,['Spain'],https://www.transfermarkt.com/miguel-angel-guerrero/profil/spieler/137704,1.8,2017/18
Claudio Beauvue,Centre-Forward,30,€2.50m,CD Leganés,"['Guadeloupe', 'France']",https://www.transfermarkt.com/claudio-beauvue/profil/spieler/58818,2.5,2017/18
Mamadou Koné,Centre-Forward,26,€900k,CD Leganés,"[""Cote d'Ivoire""]",https://www.transfermarkt.com/mamadou-kone/profil/spieler/171165,0.9,2017/18
Leonardo Rocha,Centre-Forward,21,€50k,CD Leganés,"['Portugal', 'Brazil']",https://www.transfermarkt.com/leonardo-rocha/profil/spieler/479675,0.05,2017/18
Gabri Salazar,Centre-Forward,22,-,CD Leganés,['Spain'],https://www.transfermarkt.com/gabri-salazar/profil/spieler/282431,0.0,2017/18
Roberto,Goalkeeper,32,€2.00m,Málaga CF,['Spain'],https://www.transfermarkt.com/roberto/profil/spieler/37403,2.0,2017/18
Andrés Prieto,Goalkeeper,24,€400k,Málaga CF,['Spain'],https://www.transfermarkt.com/andres-prieto/profil/spieler/238032,0.4,2017/18
Cenk Gönen,Goalkeeper,30,€200k,Málaga CF,['Türkiye'],https://www.transfermarkt.com/cenk-gonen/profil/spieler/45214,0.2,2017/18
Luis Hernández,Centre-Back,29,€2.50m,Málaga CF,['Spain'],https://www.transfermarkt.com/luis-hernandez/profil/spieler/62945,2.5,2017/18
Paul Baysse,Centre-Back,30,€2.50m,Málaga CF,['France'],https://www.transfermarkt.com/paul-baysse/profil/spieler/43256,2.5,2017/18
Diego González,Centre-Back,23,€2.00m,Málaga CF,['Spain'],https://www.transfermarkt.com/diego-gonzalez/profil/spieler/349836,2.0,2017/18
Ignasi Miquel,Centre-Back,25,€1.50m,Málaga CF,['Spain'],https://www.transfermarkt.com/ignasi-miquel/profil/spieler/70245,1.5,2017/18
Federico Ricca,Centre-Back,23,€1.50m,Málaga CF,"['Uruguay', 'Italy']",https://www.transfermarkt.com/federico-ricca/profil/spieler/285322,1.5,2017/18
Juankar,Left-Back,28,€1.50m,Málaga CF,['Spain'],https://www.transfermarkt.com/juankar/profil/spieler/126625,1.5,2017/18
Alberto López,Left-Back,23,-,Málaga CF,['Spain'],https://www.transfermarkt.com/alberto-lopez/profil/spieler/307805,0.0,2017/18
Roberto Rosales,Right-Back,29,€2.50m,Málaga CF,"['Venezuela', 'Spain']",https://www.transfermarkt.com/roberto-rosales/profil/spieler/49500,2.5,2017/18
Miguel Torres,Right-Back,32,€800k,Málaga CF,['Spain'],https://www.transfermarkt.com/miguel-torres/profil/spieler/45305,0.8,2017/18
Iván Rodríguez,Right-Back,22,-,Málaga CF,['Spain'],https://www.transfermarkt.com/ivan-rodriguez/profil/spieler/284454,0.0,2017/18
Álex Robles,Right-Back,19,-,Málaga CF,['Spain'],https://www.transfermarkt.com/alex-robles/profil/spieler/341230,0.0,2017/18
Emanuel Cecchini,Defensive Midfield,21,€1.50m,Málaga CF,"['Argentina', 'Italy']",https://www.transfermarkt.com/emanuel-cecchini/profil/spieler/324946,1.5,2017/18
Manuel Iturra,Defensive Midfield,34,€1.00m,Málaga CF,"['Chile', 'Italy']",https://www.transfermarkt.com/manuel-iturra/profil/spieler/40428,1.0,2017/18
Esteban Rolón,Defensive Midfield,23,€800k,Málaga CF,"['Argentina', 'Poland']",https://www.transfermarkt.com/esteban-rolon/profil/spieler/399887,0.8,2017/18
Mehdi Lacen,Defensive Midfield,34,€800k,Málaga CF,"['Algeria', 'France']",https://www.transfermarkt.com/mehdi-lacen/profil/spieler/35539,0.8,2017/18
Adrián González,Central Midfield,30,€3.00m,Málaga CF,['Spain'],https://www.transfermarkt.com/adrian-gonzalez/profil/spieler/44073,3.0,2017/18
Recio,Central Midfield,27,€2.00m,Málaga CF,['Spain'],https://www.transfermarkt.com/recio/profil/spieler/150948,2.0,2017/18
Zdravko Kuzmanovic,Central Midfield,30,€600k,Málaga CF,"['Serbia', 'Switzerland']",https://www.transfermarkt.com/zdravko-kuzmanovic/profil/spieler/25441,0.6,2017/18
Miguel Cifuentes,Central Midfield,27,€500k,Málaga CF,['Spain'],https://www.transfermarkt.com/miguel-cifuentes/profil/spieler/175836,0.5,2017/18
Ian Soler,Central Midfield,22,-,Málaga CF,['Spain'],https://www.transfermarkt.com/ian-soler/profil/spieler/386196,0.0,2017/18
José Carlos Sánchez,Central Midfield,19,-,Málaga CF,['Spain'],https://www.transfermarkt.com/jose-carlos-sanchez/profil/spieler/464896,0.0,2017/18
Juanpi,Attacking Midfield,24,€1.50m,Málaga CF,"['Venezuela', 'Spain']",https://www.transfermarkt.com/juanpi/profil/spieler/256680,1.5,2017/18
Javi Ontiveros,Left Winger,20,€2.50m,Málaga CF,['Spain'],https://www.transfermarkt.com/javi-ontiveros/profil/spieler/298983,2.5,2017/18
Adalberto Peñaranda,Left Winger,21,€2.00m,Málaga CF,"['Venezuela', 'Spain']",https://www.transfermarkt.com/adalberto-penaranda/profil/spieler/308801,2.0,2017/18
Jony,Left Winger,26,€2.00m,Málaga CF,['Spain'],https://www.transfermarkt.com/jony/profil/spieler/228761,2.0,2017/18
Chory Castro,Left Winger,33,€800k,Málaga CF,"['Uruguay', 'Spain']",https://www.transfermarkt.com/chory-castro/profil/spieler/28171,0.8,2017/18
Álex Mula,Left Winger,21,€500k,Málaga CF,['Spain'],https://www.transfermarkt.com/alex-mula/profil/spieler/242295,0.5,2017/18
Juan Cruz,Left Winger,18,-,Málaga CF,"['Spain', 'Argentina']",https://www.transfermarkt.com/juan-cruz/profil/spieler/585700,0.0,2017/18
Maxime Lestienne,Right Winger,26,€2.50m,Málaga CF,['Belgium'],https://www.transfermarkt.com/maxime-lestienne/profil/spieler/96454,2.5,2017/18
Keko Gontán,Right Winger,26,€2.00m,Málaga CF,['Spain'],https://www.transfermarkt.com/keko-gontan/profil/spieler/66112,2.0,2017/18
Samu García,Right Winger,27,€1.00m,Málaga CF,['Spain'],https://www.transfermarkt.com/samu-garcia/profil/spieler/208890,1.0,2017/18
Alberto Bueno,Second Striker,30,€1.50m,Málaga CF,['Spain'],https://www.transfermarkt.com/alberto-bueno/profil/spieler/45335,1.5,2017/18
Diego Rolán,Centre-Forward,25,€3.50m,Málaga CF,['Uruguay'],https://www.transfermarkt.com/diego-rolan/profil/spieler/193938,3.5,2017/18
Borja Bastón,Centre-Forward,25,€2.00m,Málaga CF,['Spain'],https://www.transfermarkt.com/borja-baston/profil/spieler/85324,2.0,2017/18
Brown Ideye,Centre-Forward,29,€2.00m,Málaga CF,['Nigeria'],https://www.transfermarkt.com/brown-ideye/profil/spieler/64308,2.0,2017/18
Isaac Success,Centre-Forward,22,€2.00m,Málaga CF,['Nigeria'],https://www.transfermarkt.com/isaac-success/profil/spieler/295331,2.0,2017/18
Youssef En-Nesyri,Centre-Forward,21,€1.80m,Málaga CF,['Morocco'],https://www.transfermarkt.com/youssef-en-nesyri/profil/spieler/433049,1.8,2017/18
